"cmpdname","SMILES","UseGroup","DTXSID","CAS","InChIKey","n_danube_sites_detected"
"(3-Chloro-2-hydroxypropyl)trimethylammonium","C[N+](C)(C)CC(O)CCl","industrial","DTXSID50274618","82914-58-7","XIUCEANTZSXBQQ-UHFFFAOYSA-N",1
"1,2-Benzisothiazolinone","O=c1[nH]sc2ccccc12","biocide","DTXSID5032523","2634-33-5","DMSMPAJRVJJAGA-UHFFFAOYSA-N",1
"1,3-Dimethyl-2-imidazolidinone","CN1CCN(C)C1=O","industrial","DTXSID1073153","80-73-9","CYSGHNMQYZDMIA-UHFFFAOYSA-N",6
"1,3-Diphenylguanidine","NC(=Nc1ccccc1)Nc1ccccc1","industrial","DTXSID3025178","102-06-7","OWRCNXZUPFZXOS-UHFFFAOYSA-N",99
"1,3-Diphenylurea","O=C(Nc1ccccc1)Nc1ccccc1",NA,"DTXSID2025183","102-07-8","GWEHVDNNLFDJLR-UHFFFAOYSA-N",19
"1,5-Naphthalenediamine","Nc1cccc2c(N)cccc12","industrial","DTXSID3020916","2243-62-1","KQSABULTKYLFEV-UHFFFAOYSA-N",9
"1,7-Diaminophenazine","Nc1ccc2nc3c(N)cccc3nc2c1",NA,"DTXSID70182403","28124-29-0","FRPNYDRHOLAYDZ-UHFFFAOYSA-N",3
"1-(3-carboxypropyl)-3,7-dimethylxanthine","Cn1cnc2c1c(=O)n(CCCC(=O)O)c(=O)n2C","pharmaceutical","DTXSID40215232","6493-07-8","WKASGTGXOGALBG-UHFFFAOYSA-N",71
"1-Benzylpiperazine","c1ccc(CN2CCNCC2)cc1","stimulans","DTXSID0022197","2759-28-6","IQXXEPZFOOTTBA-UHFFFAOYSA-N",2
"1-Butyl-3-methyl-imidazolium","CCCCn1cc[n+](C)c1","industrial","DTXSID6047238","80432-08-2","IQQRAVYLUAZUGX-UHFFFAOYSA-N",34
"1-Cyclohexyl-3-phenylurea","O=C(Nc1ccccc1)NC1CCCCC1",NA,"DTXSID90877268","886-59-9","WPLYTRWMCWBZEN-UHFFFAOYSA-N",18
"1-Dodecanesulfonic acid","CCCCCCCCCCCCS(=O)(=O)O",NA,"DTXSID3073262","1510-16-3","LDMOEFOXLIZJOW-UHFFFAOYSA-N",7
"1-Ethyl-3-methyl-imidazolium","CCn1cc[n+](C)c1","industrial","DTXSID9048069","65039-03-4","NJMWOUFKYKNWDW-UHFFFAOYSA-N",105
"1-Hexanesulfonic acid","CCCCCCS(=O)(=O)O",NA,"DTXSID20275556","13595-73-8","FYAQQULBLMNGAH-UHFFFAOYSA-N",3
"10,11-Dihydro-10,11-dihydroxycarbamazepine","NC(=O)N1c2ccccc2C(O)C(O)c2ccccc21","pharmaceutical","DTXSID30891504","35079-97-1","PRGQOPPDPVELEG-UHFFFAOYSA-N",101
"10,11-Dihydro-10-hydroxycarbamazepine","NC(=O)N1c2ccccc2CC(O)c2ccccc21","pharmaceutical","DTXSID50865484","29331-92-8","BMPDWHIDQYTSHX-UHFFFAOYSA-N",66
"1H-Benzotriazole","c1ccc2n[nH]nc2c1","corrosion inhibitor","DTXSID6020147","95-14-7","QRUDEWIWKLJBPS-UHFFFAOYSA-N",99
"2(4-morpholinyl)benzothiazole","c1ccc2sc(N3CCOCC3)nc2c1","rubber additive","DTXSID90891505","4225-26-7","VVUVJGRVEYHIHC-UHFFFAOYSA-N",2
"2,2,6,6-Tetramethyl-4 piperidone","CC1(C)CC(=O)CC(C)(C)N1","industrial","DTXSID4041527","826-36-8","JWUXJYZVKZKLTJ-UHFFFAOYSA-N",25
"2,2,6,6-Tetramethylpiperidin-4-ol","CC1(C)CC(O)CC(C)(C)N1","industrial","DTXSID3029655","2403-88-5","VDVUCLWJZJHFAV-UHFFFAOYSA-N",17
"2,3-Epoxypropyltrimethylammonium","C[N+](C)(C)CC1CO1","industrial","DTXSID0045046","45633-15-6","LRQFRDLKOBFOSG-UHFFFAOYSA-N",5
"2,4-Dichlorobenzoic acid","O=C(O)c1ccc(Cl)cc1Cl","pesticide","DTXSID0024977","50-84-0","ATCRIUVQKHMXSH-UHFFFAOYSA-N",6
"2,4-Dichlorophenol","Oc1ccc(Cl)cc1Cl","industrial","DTXSID1020439","120-83-2","HFZWRUODUSTPEG-UHFFFAOYSA-N",16
"2,4-Dichlorophenoxyacetic acid","O=C(O)COc1ccc(Cl)cc1Cl","pesticide","DTXSID0020442","94-75-7","OVSKIKFHRZPJSS-UHFFFAOYSA-N",17
"2,4-Dinitrophenol","O=[N+]([O-])c1ccc(O)c([N+](=O)[O-])c1","industrial","DTXSID0020523","51-28-5","UFBJCMHMOXMLKC-UHFFFAOYSA-N",5
"2,6-Dichlorobenzamide","NC(=O)c1c(Cl)cccc1Cl","pesticide","DTXSID7022170","2008-58-4","JHSPCUHPSIUQRB-UHFFFAOYSA-N",1
"2-(2-(2-Methoxyethoxy)ethoxy)ethanol","COCCOCCOCCO","industrial","DTXSID5026912","112-35-6","JLGLQAWTXXGVEM-UHFFFAOYSA-N",20
"2-(2-Pyridyl)ethanol","OCCc1ccccn1","industrial","DTXSID2044767","103-74-2","BXGYBSJAZFGIPX-UHFFFAOYSA-N",28
"2-(Methylthio)benzothiazole","CSc1nc2ccccc2s1","rubber additive","DTXSID70274236","615-22-5","UTBVIMLZIRIFFR-UHFFFAOYSA-N",8
"2-Amino-1-methyl-6-phenylimidazo[4,5-b]pyridine (PhIP)","Cn1c(N)nc2ncc(-c3ccccc3)cc21","food ingredient","DTXSID3037628","105650-23-5","UQVKZNNCIHJZLS-UHFFFAOYSA-N",2
"2-Aminobenzimidazole","Nc1nc2ccccc2[nH]1","pesticide","DTXSID1024465","934-32-7","JWYUFVNJZUSCSM-UHFFFAOYSA-N",7
"2-Benzothiazolesulfonic acid","O=S(=O)(O)c1nc2ccccc2s1","rubber additive","DTXSID80240528","941-57-1","ZCXGMSGCBDSEOY-UHFFFAOYSA-N",49
"2-Hydroxyatrazine","CCNc1nc(NC(C)C)[nH]c(=O)n1","pesticide","DTXSID6037807","2163-68-0","NFMIMWNQWAWNDW-UHFFFAOYSA-N",71
"2-Hydroxybenzothiazole","Oc1nc2ccccc2s1","rubber additive","DTXSID6061315","934-34-9","YEDUAINPPJYDJZ-UHFFFAOYSA-N",9
"2-Hydroxycarbamazepine","NC(=O)N1c2ccccc2C=Cc2cc(O)ccc21","pharmaceutical","DTXSID20218201","68011-66-5","VPZIYMMSJFWLSP-UHFFFAOYSA-N",80
"2-Hydroxydesethylterbuthylazine","CC(C)(C)Nc1nc(N)nc(O)n1","pesticide","DTXSID60216887","66753-06-8","NUISVCFZNCYUIM-UHFFFAOYSA-N",15
"2-Hydroxyquinoline","O=c1ccc2ccccc2[nH]1","industrial","DTXSID1058769","59-31-4","LISFMEBWQUVKPJ-UHFFFAOYSA-N",29
"2-Isopropyl-6-methyl-pyrimidin-4-ol","Cc1cc(=O)[nH]c(C(C)C)n1","biocide","DTXSID1027502","2814-20-2","AJPIUNPJBFBUKK-UHFFFAOYSA-N",36
"2-Isopropylthioxanthone","CC(C)c1ccc2sc3ccccc3c(=O)c2c1","industrial","DTXSID1044691","5495-84-1","KTALPKYXQZGAEG-UHFFFAOYSA-N",2
"2-Methylbenzothiazole","Cc1nc2ccccc2s1","industrial","DTXSID8049208","120-75-2","DXYYSGDWQCSKKO-UHFFFAOYSA-N",2
"2-Naphthalene sulfonic acid","O=S(=O)(O)c1ccc2ccccc2c1","industrial","DTXSID5044788","120-18-3","KVBGVZZKJNLNJU-UHFFFAOYSA-N",28
"2-Naphthol-8-sulfonic acid","O=S(=O)(O)c1cccc2ccc(O)cc12","industrial","DTXSID9059626","132-57-0","HUYJTJXLNBOVFO-UHFFFAOYSA-N",2
"2-Octyl-4-isothiazolin-3-one","CCCCCCCCn1sccc1=O","biocide","DTXSID1025805","26530-20-1","JPMIIZHYYWMHDT-UHFFFAOYSA-N",2
"3,5,6-Trichloro-2-pyridinol","Oc1nc(Cl)c(Cl)cc1Cl","pesticide","DTXSID7038317","6515-38-4","WCYYAQFQZQEUEN-UHFFFAOYSA-N",1
"3-Cyclohexyl-1,1-dimethylurea","CN(C)C(=O)NC1CCCCC1",NA,"DTXSID60404681","31468-12-9","PZWXYRDNQYUIIU-UHFFFAOYSA-N",5
"4'-Aminoacetanilide","CC(=O)Nc1ccc(N)cc1","industrial","DTXSID7024455","122-80-5","CHMBIJAOCISYEW-UHFFFAOYSA-N",106
"4,4'-Methylene-bis(2-methyl aniline)","Cc1cc(Cc2ccc(N)c(C)c2)ccc1N","industrial","DTXSID5020867","838-88-0","WECDUOXQLAIPQW-UHFFFAOYSA-N",5
"4-(Dimethylamino)pyridine","CN(C)c1cc[nH+]cc1","industrial","DTXSID0044369","1122-58-3","VHYFNPMBLIVWCW-UHFFFAOYSA-N",44
"4-Aminoantipyrine","Cc1c(N)c(=O)n(-c2ccccc2)n1C","pharmaceutical","DTXSID8048860","83-07-8","RLFWWDJHLFCNIJ-UHFFFAOYSA-N",20
"4-Aminobenzamide","NC(=O)c1ccc(N)cc1","industrial","DTXSID7038814","2835-68-9","QIKYZXDTTPVVAC-UHFFFAOYSA-N",13
"4-Fluorobenzoylpropionic acid","O=C(O)CCC(=O)c1ccc(F)cc1","pharmaceutical","DTXSID30190084","366-77-8","WUYWHIAAQYQKPP-UHFFFAOYSA-N",1
"4-Formyl-antipyrine","Cc1c(C=O)c(=O)n(-c2ccccc2)n1C","pharmaceutical","DTXSID10241720","950-81-2","QFYZFYDOEJZMDX-UHFFFAOYSA-N",9
"4-Hydroxybenzotriazole","Oc1cccc2[nH]nnc12","corrosion inhibitor","DTXSID90374722","26725-51-9","JMTMSDXUXJISAY-UHFFFAOYSA-N",5
"4-Hydroxyquinoline","O=c1cc[nH]c2ccccc12","industrial","DTXSID50209980","611-36-9","PMZDQRJGMBOQBF-UHFFFAOYSA-N",28
"4-Hydroxytamoxifen","CC/C(=C(\c1ccc(O)cc1)c1ccc(OCCN(C)C)cc1)c1ccccc1","pharmaceutical","DTXSID3037094","68392-35-8","TXUZVZSFRXZGTL-UHFFFAOYSA-N",2
"4-Methylbenzylidene camphor","Cc1ccc(/C=C2/C(=O)C3(C)CCC2C3(C)C)cc1","UV filter","DTXSID8047896","36861-47-9","HEOCBCNFKCOKBX-UHFFFAOYSA-N",5
"4-Nitroguaiacol","COc1cc([N+](=O)[O-])ccc1O",NA,"DTXSID4062935","3251-56-7","IZLVFLOBTPURLP-UHFFFAOYSA-N",1
"4-Nitroquinoline-1-oxide","O=[N+]([O-])c1cc[n+]([O-])c2ccccc12","industrial","DTXSID5025780","56-57-5","YHQDZJICGQWFHK-UHFFFAOYSA-N",4
"5-Chlorobenzotriazole","Clc1ccc2n[nH]nc2c1","corrosion inhibitor","DTXSID0047450","94-97-3","PZBQVZFITSVHAW-UHFFFAOYSA-N",1
"5-Methyl-1H-benzotriazole","Cc1ccc2n[nH]nc2c1","corrosion inhibitor","DTXSID1038743","136-85-6","LRUDIIUSNGCQKF-UHFFFAOYSA-N",107
"6:2 fluorotelomer sulfonic acid","O=S(=O)(O)CCC(F)(F)C(F)(F)C(F)(F)C(F)(F)C(F)(F)C(F)(F)F","PFC","DTXSID6067331","27619-97-2","VIONGDJUYAYOPU-UHFFFAOYSA-N",25
"7-(Ethylamino)-4-methylcoumarin","CCNc1ccc2c(C)cc(=O)oc2c1","dye","DTXSID1067417","28821-18-3","OTNIKUTWXUODJZ-UHFFFAOYSA-N",7
"7-Amino-4-methylcoumarin","Cc1cc(=O)oc2cc(N)ccc12","dye","DTXSID40885333","26093-31-2","GLNDAGDHSLMOKX-UHFFFAOYSA-N",23
"7-Diethylamino-4-methylcoumarin","CCN(CC)c1ccc2c(C)cc(=O)oc2c1","dye","DTXSID9025035","91-44-1","AFYCEAFSNDLKSX-UHFFFAOYSA-N",7
"Acesulfame","CC1=CC(=O)NS(=O)(=O)O1","sweetener","DTXSID0048006","33665-90-6","YGCFIWIQZPHFLU-UHFFFAOYSA-N",113
"Acetaminophen","CC(=O)Nc1ccc(O)cc1","pharmaceutical","DTXSID2020006","103-90-2","RZVAJINKPMORJF-UHFFFAOYSA-N",21
"Acetamiprid","CC(=NC#N)N(C)Cc1ccc(Cl)nc1","pesticide","DTXSID0034300","135410-20-7","WCXDHFDTOYPNIE-RIYZIHGNSA-N",15
"Acetyl-sulfamethoxazole","CC(=O)Nc1ccc(S(=O)(=O)Nc2cc(C)on2)cc1","pharmaceutical","DTXSID8049044","21312-10-7","GXPIUNZCALHVBA-UHFFFAOYSA-N",43
"Acridone","O=c1c2ccccc2[nH]c2ccccc12","industrial","DTXSID8060371","578-95-0","FZEYVTFCMJSGMP-UHFFFAOYSA-N",18
"Acyclovir","Nc1nc2c(ncn2COCCO)c(=O)[nH]1","pharmaceutical","DTXSID1022556","59277-89-3","MKUXAQIIEYXACX-UHFFFAOYSA-N",1
"Albendazole","CCCSc1ccc2nc(NC(=O)OC)[nH]c2c1","pharmaceutical","DTXSID0022563","54965-21-8","HXHWSAZORRCQMX-UHFFFAOYSA-N",2
"Amantadine","NC12CC3CC(CC(C3)C1)C2","pharmaceutical","DTXSID8022117","768-94-5","DKNWSYNQZKUICI-UHFFFAOYSA-N",47
"Ametryn","CCNc1nc(NC(C)C)nc(SC)n1","pesticide","DTXSID1023869","834-12-8","RQVYBGPQFYCBGX-UHFFFAOYSA-N",6
"Amidosulfobetaine-14","CCCCCCCCCCCCCC(=O)NCCC[N+](C)(C)CCCS(=O)(=O)[O-]","surfactant","DTXSID50398742","216667-08-2","UTSXERRKRAEDOV-UHFFFAOYSA-N",3
"Amisulpride","CCN1CCCC1CNC(=O)c1cc(S(=O)(=O)CC)c(N)cc1OC","pharmaceutical","DTXSID5042613","71675-85-9","NTJOBXMMWNYJFB-UHFFFAOYSA-N",8
"Amitriptyline","CN(C)CCC=C1c2ccccc2CCc2ccccc21","pharmaceutical","DTXSID7022594","50-48-6","KRMDCWKBEZIMAB-UHFFFAOYSA-N",1
"Amphetamine","C[C@H](N)Cc1ccccc1","stimulans","DTXSID4022600","300-62-9","KWTSXDURSIMDCE-UHFFFAOYSA-N",13
"Anastrozole","CC(C)(C#N)c1cc(Cn2cncn2)cc(C(C)(C)C#N)c1","pharmaceutical","DTXSID9022607","120511-73-1","YBBLVLTVTVSKRW-UHFFFAOYSA-N",24
"Atenolol","CC(C)NCC(O)COc1ccc(CC(N)=O)cc1","pharmaceutical","DTXSID2022628","29122-68-7","METKIMKYRPQLGS-UHFFFAOYSA-N",35
"Atorvastatin","CC(C)c1c(C(=O)Nc2ccccc2)c(-c2ccccc2)c(-c2ccc(F)cc2)n1CC[C@@H](O)C[C@@H](O)CC(=O)O","pharmaceutical","DTXSID8029868","134523-00-5","XUKUURHRXDUEBC-KAYWLYCHSA-N",5
"Atrazine","CCNc1nc(Cl)nc(NC(C)C)n1","pesticide","DTXSID9020112","1912-24-9","MXWJVTOOROXGIU-UHFFFAOYSA-N",75
"Azelaic acid","O=C(O)CCCCCCCC(=O)O","food ingredient","DTXSID8021640","123-99-9","BDJRBEYXGGNYIS-UHFFFAOYSA-N",1
"Azithromycin","CC[C@H]1OC(=O)[C@H](C)[C@@H](O[C@H]2C[C@@](C)(OC)[C@@H](O)[C@H](C)O2)C(C)[C@@H](O[C@@H]2O[C@H](C)C[C@H](N(C)C)[C@H]2O)[C@](C)(O)C[C@@H](C)CN(C)[C@H](C)[C@@H](O)[C@]1(C)O","pharmaceutical","DTXSID8030760","83905-01-5","MQTOSJVFKKJCRP-BICOPXKESA-N",4
"Azoxystrobin","CO/C=C(/C(=O)OC)c1ccccc1Oc1cc(Oc2ccccc2C#N)ncn1","pesticide","DTXSID0032520","131860-33-8","WFDXOXNFNRHQEC-GHRIWEEISA-N",20
"Azoxystrobin acid","CO/C=C(/C(=O)O)c1ccccc1Oc1cc(Oc2ccccc2C#N)ncn1","pesticide","DTXSID10891507","1185255-09-7","IKCXDZCEWZARFL-FOWTUZBSSA-N",7
"Benalaxyl","COC(=O)C(C)N(C(=O)Cc1ccccc1)c1c(C)cccc1C","pesticide","DTXSID3041619","71626-11-4","CJPQIRJHIZUAQP-UHFFFAOYSA-N",1
"Bendiocarb","CNC(=O)Oc1cccc2c1OC(C)(C)O2","biocide","DTXSID9032327","22781-23-3","XEGGRYVFLWGFHI-UHFFFAOYSA-N",2
"Bentazone","CC(C)N1C(=O)c2ccccc2NS1(=O)=O","pesticide","DTXSID0023901","25057-89-0","ZOMSMJKLGFBRBS-UHFFFAOYSA-N",94
"Benzenesulfonic acid","O=S(=O)(O)c1ccccc1","industrial","DTXSID9024568","98-11-3","SRSXLGNVWSONIS-UHFFFAOYSA-N",15
"Benzidine","Nc1ccc(-c2ccc(N)cc2)cc1","industrial","DTXSID2020137","92-87-5","HFACYLZERDEVSX-UHFFFAOYSA-N",14
"Benzimidazole","c1ccc2[nH]cnc2c1","pharmaceutical","DTXSID8024573","51-17-2","HYZJCKYKOHLVJF-UHFFFAOYSA-N",48
"Benzocain","CCOC(=O)c1ccc(N)cc1","pharmaceutical","DTXSID8021804","94-09-7","BLFLLBZGZJTVJG-UHFFFAOYSA-N",10
"Benzophenone-3","COc1ccc(C(=O)c2ccccc2)c(O)c1","UV filter","DTXSID3022405","131-57-7","DXGLGDHPHMLXJC-UHFFFAOYSA-N",2
"Benzophenone-4","COc1cc(O)c(C(=O)c2ccccc2)cc1S(=O)(=O)O","UV filter","DTXSID2042436","4065-45-6","CXVGEDCSTKKODG-UHFFFAOYSA-N",103
"Benzothiazole","c1ccc2scnc2c1","rubber additive","DTXSID7024586","95-16-9","IOJUPLGTWVMSFF-UHFFFAOYSA-N",3
"Benzoylecgonin","CN1C2CCC1C(C(=O)O)C(OC(=O)c1ccccc1)C2","stimulans","DTXSID7046758","519-09-5","GVGYEFKIHJTNQZ-RFQIPJPRSA-N",25
"Benzyldimethyldodecylammonium","CCCCCCCCCCCC[N+](C)(C)Cc1ccccc1","biocide","DTXSID60872947","10328-35-5","CYDRXTMLKJDRQH-UHFFFAOYSA-N",2
"Bezafibrate","CC(C)(Oc1ccc(CCNC(=O)c2ccc(Cl)cc2)cc1)C(=O)O","pharmaceutical","DTXSID3029869","41859-67-0","IIBYAHWJQTYFKB-UHFFFAOYSA-N",3
"Bicalutamide","CC(O)(CS(=O)(=O)c1ccc(F)cc1)C(=O)Nc1ccc(C#N)c(C(F)(F)F)c1","pharmaceutical","DTXSID2022678","90357-06-5","LKJPYSCBVHEWIU-UHFFFAOYSA-N",31
"Bifenox free acid","O=C(O)c1cc(Oc2ccc(Cl)cc2Cl)ccc1[N+](=O)[O-]","pesticide","DTXSID9073547","53774-07-5","IUSYSZLVZMUVDO-UHFFFAOYSA-N",1
"Bisoprolol","CC(C)NCC(O)COc1ccc(COCCOC(C)C)cc1","pharmaceutical","DTXSID6022682","66722-44-9","VHYCDWMUTMEGQY-UHFFFAOYSA-N",62
"Bisphenol S","O=S(=O)(c1ccc(O)cc1)c1ccc(O)cc1","industrial","DTXSID3022409","80-09-1","VPWNQTHUCYMVMZ-UHFFFAOYSA-N",37
"Boscalid","O=C(Nc1ccccc1-c1ccc(Cl)cc1)c1cccnc1Cl","pesticide","DTXSID6034392","188425-85-6","WYEMLYFITZORAB-UHFFFAOYSA-N",1
"Bupirimate","CCCCc1c(C)nc(NCC)nc1OS(=O)(=O)N(C)C","pesticide","DTXSID6041688","41483-43-6","DSKJPMWIHSOYEA-UHFFFAOYSA-N",1
"Caffeine","Cn1c(=O)c2c(ncn2C)n(C)c1=O","stimulans","DTXSID0020232","58-08-2","RYYVLZVUVIJVGH-UHFFFAOYSA-N",63
"Candesartan","CCOc1nc2cccc(C(=O)O)c2n1Cc1ccc(-c2ccccc2-c2nn[nH]n2)cc1","pharmaceutical","DTXSID0022725","139481-59-7","HTQMVQVXFRQIKW-UHFFFAOYSA-N",81
"Capecitabine","CCCCCOC(=O)Nc1nc(=O)n([C@@H]2O[C@H](C)[C@@H](O)[C@H]2O)cc1F","pharmaceutical","DTXSID3046451","154361-50-9","GAGWJHPBXLXJQN-UORFTKCHSA-N",2
"Carbamazepine","NC(=O)N1c2ccccc2C=Cc2ccccc21","pharmaceutical","DTXSID4022731","298-46-4","FFGPTBGBLSHEPO-UHFFFAOYSA-N",120
"Carbendazim","COC(=O)Nc1nc2ccccc2[nH]1","biocide","DTXSID4024729","10605-21-7","TWFZGCMQGLPBSX-UHFFFAOYSA-N",54
"Carbetamide","CCNC(=O)[C@H](C)OC(=O)Nc1ccccc1","pesticide","DTXSID7041756","16118-49-3","AMRQXHFXNZFDCH-SECBINFHSA-N",5
"Celecoxib","Cc1ccc(-c2cc(C(F)(F)F)nn2-c2ccc(S(N)(=O)=O)cc2)cc1","pharmaceutical","DTXSID0022777","169590-42-5","RZEKVGVHFLEQIL-UHFFFAOYSA-N",7
"Cetirizine","O=C(O)COCCN1CCN(C(c2ccccc2)c2ccc(Cl)cc2)CC1","pharmaceutical","DTXSID4022787","83881-51-0","ZKLPARSLTMPFCP-UHFFFAOYSA-N",42
"Chenodeoxycholic acid","C[C@H](CCC(=O)O)[C@H]1CC[C@H]2[C@@H]3[C@@H](O)C[C@@H]4C[C@H](O)CC[C@]4(C)[C@H]3CC[C@]12C","human metabolite","DTXSID2020260","474-25-9","RUDATBOHQWOJDD-BSWAIDMHSA-N",10
"Chloramphenicol","O=C(NC(CO)C(O)c1ccc([N+](=O)[O-])cc1)C(Cl)Cl","pharmaceutical","DTXSID7020265","56-75-7","WIIZWVCIJKGZOK-RKDXNWHRSA-N",3
"Chloridazon","Nc1cnn(-c2ccccc2)c(=O)c1Cl","pesticide","DTXSID3034872","1698-60-8","WYKYKTKDBLFHCY-UHFFFAOYSA-N",3
"Chlormequat","C[N+](C)(C)CCCl","pesticide","DTXSID4048064","7003-89-6","JUZXDNPBRPUIOR-UHFFFAOYSA-N",4
"Chlorothalonil-4-hydroxy","N#Cc1c(O)c(Cl)c(Cl)c(C#N)c1Cl","pesticide","DTXSID90182586","28343-61-5","MDQKYGOECVSPIW-UHFFFAOYSA-N",12
"Chlorotoluron","Cc1ccc(NC(=O)N(C)C)cc1Cl","pesticide","DTXSID8052853","15545-48-9","JXCGFZXSOMJFOA-UHFFFAOYSA-N",10
"Cholic acid","C[C@H](CCC(=O)O)[C@H]1CC[C@H]2[C@@H]3[C@H](O)C[C@@H]4C[C@H](O)CC[C@]4(C)[C@H]3C[C@H](O)[C@]12C","human metabolite","DTXSID6040660","81-25-4","BHQCQFFYRZLCQQ-OELDTZBJSA-N",10
"Cimetidine","CN=C(NC#N)NCCSCc1nc[nH]c1C","pharmaceutical","DTXSID4020329","51481-61-9","AQIXAKUUQRKLND-UHFFFAOYSA-N",1
"Citalopram","CN(C)CCCC1(c2ccc(F)cc2)OCc2cc(C#N)ccc21","pharmaceutical","DTXSID8022826","59729-33-8","WSEQXVZVJXJVFP-UHFFFAOYSA-N",24
"Clarithromycin","CC[C@H]1OC(=O)[C@H](C)[C@@H](O[C@H]2C[C@@](C)(OC)[C@@H](O)[C@H](C)O2)[C@H](C)[C@@H](O[C@@H]2O[C@H](C)C[C@H](N(C)C)[C@H]2O)[C@](C)(OC)C[C@@H](C)C(=O)[C@H](C)[C@@H](O)[C@]1(C)O","pharmaceutical","DTXSID3022829","81103-11-9","AGOYDEPGAOXOCK-KCBOHYOISA-N",39
"Climbazole","CC(C)(C)C(=O)C(Oc1ccc(Cl)cc1)n1ccnc1","pharmaceutical","DTXSID6046555","38083-17-9","OWEGWHBOCFMBLP-UHFFFAOYSA-N",32
"Clofibrate","CCOC(=O)C(C)(C)Oc1ccc(Cl)cc1","pharmaceutical","DTXSID3020336","637-07-0","KNHUKKLJHYUCFP-UHFFFAOYSA-N",1
"Clofibric acid","CC(C)(Oc1ccc(Cl)cc1)C(=O)O","pharmaceutical","DTXSID1040661","882-09-7","TXCGAZHTZHNUAI-UHFFFAOYSA-N",2
"Clomazone","CC1(C)CON(Cc2ccccc2Cl)C1=O","pesticide","DTXSID1032355","81777-89-1","KIEDNEWSYUYDSN-UHFFFAOYSA-N",5
"Clonidine","Clc1cccc(Cl)c1NC1=NCCN1","pharmaceutical","DTXSID6022846","4205-90-7","GJSURZIOUXUGAL-UHFFFAOYSA-N",10
"Clopidogrel","COC(=O)[C@H](c1ccccc1Cl)N1CCc2sccc2C1","pharmaceutical","DTXSID6022848","113665-84-2","GKTWGGQPFAXNFI-HNNXBMFYSA-N",5
"Clothianidin","CN=C(NCc1cnc(Cl)s1)N[N+](=O)[O-]","pesticide","DTXSID2034465","210880-92-5","PGOOBECODWQEAB-UHFFFAOYSA-N",1
"Clotrimazole","Clc1ccccc1C(c1ccccc1)(c1ccccc1)n1ccnc1","pharmaceutical","DTXSID7029871","23593-75-1","VNFPBHJOKIVQEB-UHFFFAOYSA-N",1
"Clozapine","CN1CCN(C2=Nc3cc(Cl)ccc3Nc3ccccc32)CC1","pharmaceutical","DTXSID5022855","5786-21-0","QZUDBNBUXVUHMW-UHFFFAOYSA-N",10
"Cocaine","COC(=O)[C@H]1[C@@H](OC(=O)c2ccccc2)C[C@@H]2CC[C@H]1N2C","stimulans","DTXSID2038443","50-36-2","ZPUCINDJVBIVPJ-LJISPDSOSA-N",2
"Cotinine","CN1C(=O)CCC1c1cccnc1","human metabolite","DTXSID1047576","486-56-6","UIKROCXWUNQSPJ-VIFPVBQESA-N",114
"Coumestrol","O=c1oc2cc(O)ccc2c2oc3cc(O)ccc3c12","food ingredient","DTXSID6022399","479-13-0","ZZIALNLLNHEQPJ-UHFFFAOYSA-N",1
"Cyclamate","O=S(=O)(O)NC1CCCCC1","sweetener","DTXSID5041809","100-88-9","HCAJEUSONLESMK-UHFFFAOYSA-N",101
"Cyclohexylamine","NC1CCCCC1","industrial","DTXSID1023996","108-91-8","PAFZNILMFXTMIY-UHFFFAOYSA-N",10
"Cyclophosphamide","O=P1(N(CCCl)CCCl)NCCCO1","pharmaceutical","DTXSID5020364","50-18-0","CMSMOCZEIVJLDB-UHFFFAOYSA-N",5
"Cyproconazole","CC(C1CC1)C(O)(Cn1cncn1)c1ccc(Cl)cc1","pesticide","DTXSID0032601","94361-06-5","UFNOUKDBUJZYDE-UHFFFAOYSA-N",2
"Cyprodinil","Cc1cc(C2CC2)nc(Nc2ccccc2)n1","pesticide","DTXSID1032359","121552-61-2","HAORKNGNJCEJBX-UHFFFAOYSA-N",2
"Cyromazine","Nc1nc(N)nc(NC2CC2)n1","pesticide","DTXSID6023999","66215-27-8","LVQDKIWDGQRHTE-UHFFFAOYSA-N",26
"DEET","CCN(CC)C(=O)c1cccc(C)c1","repellent","DTXSID2021995","134-62-3","MMOXZBCLCQITDF-UHFFFAOYSA-N",79
"DEET carboxylic acid","CCN(CC)C(=O)c1cccc(C(=O)O)c1","biocide","DTXSID30222551","72236-23-8","PXXLQQDIFVPNMP-UHFFFAOYSA-N",60
"Daidzein","O=c1c(-c2ccc(O)cc2)coc2cc(O)ccc12","food ingredient","DTXSID9022310","486-66-8","ZQSIJRDFPHDXIC-UHFFFAOYSA-N",43
"Daminozide","CN(C)NC(=O)CCC(=O)O","pesticide","DTXSID9020370","1596-84-5","NOQGZXFMHARMLW-UHFFFAOYSA-N",32
"Decylsulfate","CCCCCCCCCCOS(=O)(=O)O","surfactant","DTXSID8042428","142-98-3","CSMFSDCPJHNZRY-UHFFFAOYSA-N",6
"Denatonium","CC[N+](CC)(CC(=O)Nc1c(C)cccc1C)Cc1ccccc1","bittern","DTXSID9043770","47324-98-1","ZFQMTVNLDNXRNQ-UHFFFAOYSA-O",76
"Desethyl-napropamide","CCNC(=O)C(C)Oc1cccc2ccccc12",NA,"DTXSID70589897","38641-90-6","ZYSGLIDSUFDSLC-UHFFFAOYSA-N",2
"Desethylatrazine","CC(C)Nc1nc(N)nc(Cl)n1","pesticide","DTXSID5037494","6190-65-4","DFWFIQKMSFGDCQ-UHFFFAOYSA-N",58
"Desethylterbutylazine","CC(C)(C)Nc1nc(N)nc(Cl)n1","pesticide","DTXSID80184211","30125-63-4","LMKQNTMFZLAJDV-UHFFFAOYSA-N",33
"Desisopropylatrazine","CCNc1nc(N)nc(Cl)n1","pesticide","DTXSID0037495","1007-28-9","IVENSCMCQBJAKW-UHFFFAOYSA-N",1
"Desphenyl chloridazon","Nc1cn[nH]c(=O)c1Cl","pesticide","DTXSID50212792","6339-19-1","FEWPCPCEGBPTAL-UHFFFAOYSA-N",23
"Di-n-butyl phosphate","CCCCOP(=O)(O)OCCCC","plastic additive","DTXSID3040728","107-66-4","JYFHYPJRHGVZDY-UHFFFAOYSA-N",17
"Diacetylethylenediamine","CC(=O)NCCNC(C)=O",NA,"DTXSID70236132","871-78-3","WNYIBZHOMJZDKN-UHFFFAOYSA-N",50
"Diazepam","CN1C(=O)CN=C(c2ccccc2)c2cc(Cl)ccc21","pharmaceutical","DTXSID4020406","439-14-5","AAOVKJBEBIDNHE-UHFFFAOYSA-N",3
"Diazinon","CCOP(=S)(OCC)Oc1cc(C)nc(C(C)C)n1","pharmaceutical","DTXSID9020407","333-41-5","FHIVAFMUCKRCQO-UHFFFAOYSA-N",28
"Dichlorprop","CC(Oc1ccc(Cl)cc1Cl)C(=O)O","pesticide","DTXSID0020440","120-36-5","MZHCENGPTKEIGP-UHFFFAOYSA-N",2
"Diclofenac","O=C(O)Cc1ccccc1Nc1c(Cl)cccc1Cl","pharmaceutical","DTXSID6022923","15307-86-5","DCOPUUMXTXDBNB-UHFFFAOYSA-N",33
"Dicyclohexyl sulfosuccinate","O=C(CC(C(=O)OC1CCCCC1)S(=O)(=O)O)OC1CCCCC1","surfactant","DTXSID3047213","137361-04-7","QPSVFNQMURAADJ-UHFFFAOYSA-N",22
"Dicyclohexylurea","O=C(NC1CCCCC1)NC1CCCCC1",NA,"DTXSID3062366","2387-23-7","ADFXKUOMJKEIND-UHFFFAOYSA-N",9
"Diethofencarb","CCOc1ccc(NC(=O)OC(C)C)cc1OCC","biocide","DTXSID5037527","87130-20-9","LNJNFVJKDJYTEU-UHFFFAOYSA-N",2
"Diethyleneglycolmonomethylether","COCCOCCO","industrial","DTXSID3025049","111-77-3","SBASXUCJHJRPEV-UHFFFAOYSA-N",2
"Difenoconazole","CC1COC(Cn2cncn2)(c2ccc(Oc3ccc(Cl)cc3)cc2Cl)O1","pesticide","DTXSID4032372","119446-68-3","BQYJATMQXGBDHF-UHFFFAOYSA-N",2
"Dimethachlor CGA369873","Cc1cccc(C)c1NC(=O)CS(=O)(=O)O","pesticide","DTXSID901017801","NOCAS_1017801","ZNKNVJGSYJFDHT-UHFFFAOYSA-N",17
"Dimethachlor ESA","COCCN(C(=O)CS(=O)(=O)O)c1c(C)cccc1C","pesticide","DTXSID20891457","NOCAS_891457","RVSCDWJKJDBFRS-UHFFFAOYSA-N",23
"Dimethachlor OA_peak_b","COCCN(C(=O)C(=O)O)c1c(C)cccc1C","pesticide","DTXSID80891458","1086384-49-7","MHGMSAFPNAKIRZ-UHFFFAOYSA-N",4
"Dimethenamid","COCC(C)N(C(=O)CCl)c1c(C)csc1C","pesticide","DTXSID4032376","87674-68-8","JLYFCTQDENRSOL-UHFFFAOYSA-N",34
"Dimethenamid ESA","COCC(C)N(C(=O)CS(=O)(=O)O)c1c(C)csc1C","pesticide","DTXSID50891445","205939-58-8","YMYKMSAZEZQEER-UHFFFAOYSA-N",13
"Dimethenamid OA","COCC(C)N(C(=O)C(=O)O)c1c(C)csc1C","pesticide","DTXSID4037530","380412-59-9","HOYCASTVMCEOTP-UHFFFAOYSA-N",1
"Dimethoate","CNC(=O)CSP(=S)(OC)OC","pesticide","DTXSID7020479","60-51-5","MCWXGJITAZMZEV-UHFFFAOYSA-N",3
"Dimethyl-5-sulfoisophthalate","COC(=O)c1cc(C(=O)OC)cc(S(=O)(=O)O)c1","industrial","DTXSID9027071","138-25-0","HTXMGVTWXZBZNC-UHFFFAOYSA-N",15
"Dimethylaminophenazone","Cc1c(N(C)C)c(=O)n(-c2ccccc2)n1C","pharmaceutical","DTXSID7020504","58-15-1","RMMXTBMQSGEXHJ-UHFFFAOYSA-N",11
"Dimoxystrobin","CNC(=O)/C(=N/OC)c1ccccc1COc1cc(C)ccc1C","pesticide","DTXSID3057981","149961-52-4","WXUZAHCNPWONDH-DYTRJAOYSA-N",1
"Dinoseb","CCC(C)c1cc([N+](=O)[O-])cc([N+](=O)[O-])c1O","pesticide","DTXSID3020207","88-85-7","OWZPCEFYPSAJFR-UHFFFAOYSA-N",4
"Diphenhydramine","CN(C)CCOC(c1ccccc1)c1ccccc1","pharmaceutical","DTXSID4022949","58-73-1","ZZVUWRFHKOJYTH-UHFFFAOYSA-N",4
"Diphenyl phosphate","O=P(O)(Oc1ccccc1)Oc1ccccc1","plastic additive","DTXSID1048207","838-85-7","ASMQGLCHMVWBQR-UHFFFAOYSA-N",24
"Diuron","CN(C)C(=O)Nc1ccc(Cl)c(Cl)c1","biocide","DTXSID0020446","330-54-1","XMTQQYYKAHVGBJ-UHFFFAOYSA-N",22
"Duloxetine","CNCC[C@H](Oc1cccc2ccccc12)c1cccs1","pharmaceutical","DTXSID6048385","116539-59-4","ZEUITGRIYCTCEM-KRWDZBQOSA-N",13
"EDDP","CC=C1N(C)C(C)CC1(c1ccccc1)c1ccccc1","pharmaceutical","DTXSID10880951","30223-73-5","AJRJPORIQGYFMT-UHFFFAOYSA-N",3
"Ebastin","CC(C)(C)c1ccc(C(=O)CCCN2CCC(OC(c3ccccc3)c3ccccc3)CC2)cc1","pharmaceutical","DTXSID6046472","90729-43-4","MJJALKDDGIKVBE-UHFFFAOYSA-N",1
"Enalapril","CCOC(=O)[C@H](CCc1ccccc1)N[C@@H](C)C(=O)N1CCC[C@H]1C(=O)O","pharmaceutical","DTXSID5022982","75847-73-3","GBXSMTUPTTWBMN-XIRDDKMYSA-N",7
"Enrofloxacin","CCN1CCN(c2cc3c(cc2F)c(=O)c(C(=O)O)cn3C2CC2)CC1","pharmaceutical","DTXSID1045619","93106-60-6","SPFYMRJSYKOXGV-UHFFFAOYSA-N",1
"Ephedrine","CN[C@@H](C)[C@H](O)c1ccccc1","pharmaceutical","DTXSID0022985","299-42-3","KWGRBVOPPLSCSI-WPRPVWTQSA-N",19
"Epoxiconazole","Fc1ccc([C@@]2(Cn3cncn3)O[C@H]2c2ccccc2Cl)cc1","pesticide","DTXSID1040372","133855-98-8","ZMYFCFLJBGAQRS-RXQGYGPJNA-N",4
"Eprosartan","CCCCc1ncc(/C=C(\Cc2cccs2)C(=O)O)n1Cc1ccc(C(=O)O)cc1","pharmaceutical","DTXSID0022989","133040-01-4","OROAFUQRIXKEMV-LDADJPATSA-N",1
"Ethofumesate","CCOC1Oc2ccc(OS(C)(=O)=O)cc2C1(C)C","pesticide","DTXSID8034580","26225-79-6","IRCMYGHHKLLGHV-UHFFFAOYSA-N",7
"Fenofibrate","CC(C)OC(=O)C(C)(C)Oc1ccc(C(=O)c2ccc(Cl)cc2)cc1","pharmaceutical","DTXSID2029874","49562-28-9","YMTINGFKWWXKFG-UHFFFAOYSA-N",1
"Fenuron","CN(C)C(=O)Nc1ccccc1","pesticide","DTXSID7037551","101-42-8","XXOYNJXVWVNOOJ-UHFFFAOYSA-N",11
"Fipronil","N#Cc1nn(-c2c(Cl)cc(C(F)(F)F)cc2Cl)c(N)c1S(=O)C(F)(F)F","biocide","DTXSID4034609","120068-37-3","ZOCSXAVNDGMNBV-UHFFFAOYSA-N",15
"Fipronil desulfinyl","N#Cc1nn(-c2c(Cl)cc(C(F)(F)F)cc2Cl)c(N)c1C(F)(F)F","biocide","DTXSID0043719","205650-65-3","JWKXVHLIRTVXLD-UHFFFAOYSA-N",4
"Fipronil sulfide","N#Cc1nn(-c2c(Cl)cc(C(F)(F)F)cc2Cl)c(N)c1SC(F)(F)F","biocide","DTXSID50869644","120067-83-6","FQXWEKADCSXYOC-UHFFFAOYSA-N",1
"Fipronil sulfone","N#Cc1nn(-c2c(Cl)cc(C(F)(F)F)cc2Cl)c(N)c1S(=O)(=O)C(F)(F)F","biocide","DTXSID6074750","120068-36-2","LGHZJDKSVUTELU-UHFFFAOYSA-N",15
"Fluconazole","OC(Cn1cncn1)(Cn1cncn1)c1ccc(F)cc1F","pharmaceutical","DTXSID3020627","86386-73-4","RFHAOTPXVQNOHP-UHFFFAOYSA-N",15
"Flufenacet","CC(C)N(C(=O)COc1nnc(C(F)(F)F)s1)c1ccc(F)cc1","pesticide","DTXSID2032552","142459-58-3","IANUJLZYFUDJIH-UHFFFAOYSA-N",16
"Flumequine","CC1CCc2cc(F)cc3c(=O)c(C(=O)O)cn1c23","pharmaceutical","DTXSID5045623","42835-25-6","DPSPPJIUMHPXMA-UHFFFAOYSA-N",1
"Flumioxazin","C#CCN1C(=O)COc2cc(F)c(N3C(=O)C4=C(CCCC4)C3=O)cc21","pesticide","DTXSID7032555","103361-09-7","FOUWCSDKDDHKQP-UHFFFAOYSA-N",1
"Fluoxastrobin","CO/N=C(/C1=NOCCO1)c1ccccc1Oc1ncnc(Oc2ccccc2Cl)c1F","pesticide","DTXSID2034625","361377-29-9","UFEODZBUAFNAEU-NLRVBDNBSA-N",1
"Fluoxetine","CNCCC(Oc1ccc(C(F)(F)F)cc1)c1ccccc1","pharmaceutical","DTXSID7023067","54910-89-3","RTHCYVBBDHJXIQ-UHFFFAOYSA-N",3
"Flurtamone","CNC1=C(c2cccc(C(F)(F)F)c2)C(=O)C(c2ccccc2)O1","pesticide","DTXSID5058228","96525-23-4","NYRMIJKDBAQCHC-UHFFFAOYSA-N",2
"Fluvoxamine","COCCCC/C(=N\OCCN)c1ccc(C(F)(F)F)cc1","pharmaceutical","DTXSID2044002","54739-18-3","CJOFXWAVKWHTFT-XSFVSMFZSA-N",34
"Formetanate","CNC(=O)Oc1cccc(N=CN(C)C)c1","biocide","DTXSID9041990","22259-30-9","RMFNNCGOSPBBAD-UHFFFAOYSA-N",24
"Furosemide","NS(=O)(=O)c1cc(C(=O)O)c(NCc2ccco2)cc1Cl","pharmaceutical","DTXSID6020648","54-31-9","ZZUFCTLCJUWOSV-UHFFFAOYSA-N",28
"Gabapentin","NCC1(CC(=O)O)CCCCC1","pharmaceutical","DTXSID0020074","60142-96-3","UGJMXCAKCUNAIE-UHFFFAOYSA-N",40
"Gabapentin-Lactam","O=C1CC2(CCCCC2)CN1","pharmaceutical","DTXSID40215070","64744-50-9","JAWPQJDOQPSNIQ-UHFFFAOYSA-N",95
"Genistein","O=c1c(-c2ccc(O)cc2)coc2cc(O)cc(O)c12","food ingredient","DTXSID5022308","446-72-0","TZBJGXHYKVUXJN-UHFFFAOYSA-N",24
"Glimepiride","CCC1=C(C)CN(C(=O)NCCc2ccc(S(=O)(=O)NC(=O)N[C@H]3CC[C@H](C)CC3)cc2)C1=O","pharmaceutical","DTXSID5040675","93479-97-1","WIGIZIANZCJQQY-RUCARUNLSA-N",7
"Guanylurea","N=C(N)NC(N)=O","pharmaceutical","DTXSID3043811","141-83-3","SQSPRWMERUQXNE-UHFFFAOYSA-N",38
"Harman","Cc1nccc2c1[nH]c1ccccc12","food ingredient","DTXSID80197568","486-84-0","PSFDQSOCUJVVGF-UHFFFAOYSA-N",47
"Hexa(methoxymethyl)melamine","COCN(COC)c1nc(N(COC)COC)nc(N(COC)COC)n1","industrial","DTXSID9027520","3089-11-0","BNCADMBVWNPPIZ-UHFFFAOYSA-N",54
"Hexadecylpyridinium","CCCCCCCCCCCCCCCC[n+]1ccccc1","biocide","DTXSID8047979","7773-52-6","NEUSVAOJNUQRTM-UHFFFAOYSA-N",1
"Hexadecyltrimethylammonium","CCCCCCCCCCCCCCCC[N+](C)(C)C","biocide","DTXSID3047978","6899-10-1","RLGQACBPNDBWTB-UHFFFAOYSA-N",3
"Hexazinone","CN(C)c1nc(=O)n(C2CCCCC2)c(=O)n1C","pesticide","DTXSID4024145","51235-04-2","CAWXEEYDBZRFPE-UHFFFAOYSA-N",6
"Hydrochlorothiazide","NS(=O)(=O)c1cc2c(cc1Cl)NCNS2(=O)=O","pharmaceutical","DTXSID2020713","58-93-5","JZUFKLXOESDKRF-UHFFFAOYSA-N",16
"Icaridin","CCC(C)OC(=O)N1CCCCC1CCO","repellent","DTXSID0034227","119515-38-7","QLHULAHOXSSASE-UHFFFAOYSA-N",26
"Ifosfamide","O=P1(NCCCl)OCCCN1CCCl","pharmaceutical","DTXSID7020760","3778-73-2","HOMGKSMUEGBAAB-UHFFFAOYSA-N",3
"Imazalil","C=CCOC(Cn1ccnc1)c1ccc(Cl)cc1Cl","biocide","DTXSID8024151","35554-44-0","PZBPKYOVPCNPJY-UHFFFAOYSA-N",15
"Imazapyr","CC(C)C1(C)N=C(c2ncccc2C(=O)O)NC1=O","pesticide","DTXSID8034665","81334-34-1","CLQMBPJKHLGMQK-UHFFFAOYSA-N",1
"Imidacloprid","O=[N+]([O-])NC1=NCCN1Cc1ccc(Cl)nc1","pesticide","DTXSID5032442","138261-41-3","YWTYJOPNNQFBPC-UHFFFAOYSA-N",26
"Imidacloprid-guanidine","NC1=NCCN1Cc1ccc(Cl)nc1","pesticide","DTXSID90436011","115970-17-7","UEQZFAGVRGWPDK-UHFFFAOYSA-N",3
"Imidacloprid-urea","O=C1NCCN1Cc1ccc(Cl)nc1","pesticide","DTXSID1037563","120868-66-8","ADWTYURAFSWNSU-UHFFFAOYSA-N",3
"Indole-3-acrylic acid","O=C(O)C=Cc1c[nH]c2ccccc12","pharmaceutical","DTXSID90184060","29953-71-7","PLVPPLCLBIEYEA-AATRIKPKSA-N",1
"Irgarol","CSc1nc(NC2CC2)nc(NC(C)(C)C)n1","biocide","DTXSID3032416","28159-98-0","HDHLIWCXDDZUFH-UHFFFAOYSA-N",7
"Isophorone diamine","CC1(C)CC(N)CC(C)(CN)C1","industrial","DTXSID6027503","2855-13-2","RNLHGQLZWXBQNY-UHFFFAOYSA-N",6
"Isophthalic acid","O=C(O)c1cccc(C(=O)O)c1","plastic additive","DTXSID3021485","121-91-5","QQVIHTHCMHWDBS-UHFFFAOYSA-N",3
"Isoproturon","CC(C)c1ccc(NC(=O)N(C)C)cc1","pesticide","DTXSID1042077","34123-59-6","PUIYMUZLKQOUOZ-UHFFFAOYSA-N",26
"Isoxaben","CCC(C)(CC)c1cc(NC(=O)c2c(OC)cccc2OC)on1","pesticide","DTXSID8024159","82558-50-7","PMHURSZHKKJGBM-UHFFFAOYSA-N",1
"Ketamine","CNC1(c2ccccc2Cl)CCCCC1=O","pharmaceutical","DTXSID8023187","6740-88-1","YQEZLKZALYSWHR-UHFFFAOYSA-N",3
"Ketoprofen","CC(C(=O)O)c1cccc(C(=O)c2ccccc2)c1","pharmaceutical","DTXSID6020771","22071-15-4","DKYWVDODHFEZIM-UHFFFAOYSA-N",23
"Kresoxim-methyl","CO/N=C(/C(=O)OC)c1ccccc1COc1ccccc1C","pesticide","DTXSID2032558","143390-89-0","ZOTBXTZVPHCKPN-HTXNQAPBSA-N",5
"Labetalol","CC(CCc1ccccc1)NCC(O)c1ccc(O)c(C(N)=O)c1","pharmaceutical","DTXSID2023191","36894-69-6","SGUAFYQXFOLMHL-UHFFFAOYSA-N",5
"Lamotrigine","Nc1nnc(-c2cccc(Cl)c2Cl)c(N)n1","pharmaceutical","DTXSID2023195","84057-84-1","PYZRQGJRPPTADH-UHFFFAOYSA-N",69
"Lauric isopropanolamide","CCCCCCCCCCCC(=O)NCC(C)O","surfactant","DTXSID00861815","142-54-1","MMBILEWCGWTAOV-UHFFFAOYSA-N",4
"Lauryl diethanolamide","CCCCCCCCCCCC(=O)N(CCO)CCO","surfactant","DTXSID5025491","120-40-1","AOMUHOFOVNGZAN-UHFFFAOYSA-N",37
"Lenacil","O=c1[nH]c2c(c(=O)n1C1CCCCC1)CCC2","pesticide","DTXSID9042093","2164-08-1","ZTMKADLOSYKWCA-UHFFFAOYSA-N",5
"Lidocaine","CCN(CC)CC(=O)Nc1c(C)cccc1C","pharmaceutical","DTXSID1045166","137-58-6","NNJVILVZKWQKPM-UHFFFAOYSA-N",31
"Lincomycin","CCC[C@@H]1C[C@@H](C(=O)N[C@@H]([C@H]2O[C@H](SC)[C@H](O)[C@@H](O)[C@H]2O)[C@@H](C)O)N(C)C1","pharmaceutical","DTXSID3023215","154-21-2","OJMMVQQUTAEWLP-KIDUDLJLSA-N",1
"Loperamide","CN(C)C(=O)C(CCN1CCC(O)(c2ccc(Cl)cc2)CC1)(c1ccccc1)c1ccccc1","pharmaceutical","DTXSID6045165","53179-11-6","RDOIQAHITMMDAJ-UHFFFAOYSA-N",4
"Lorazepam","O=C1Nc2ccc(Cl)cc2C(c2ccccc2Cl)=NC1O","pharmaceutical","DTXSID7023225","846-49-1","DIWRORZWFLOCLC-UHFFFAOYSA-N",6
"Losartan","CCCCc1nc(Cl)c(CO)n1Cc1ccc(-c2ccccc2-c2nnn[nH]2)cc1","pharmaceutical","DTXSID7023227","114798-26-4","PSIFNNKUMBGKDQ-UHFFFAOYSA-N",45
"Losartan Carboxylic acid","CCCCc1nc(Cl)c(C(=O)O)n1Cc1ccc(-c2ccccc2-c2nnn[nH]2)cc1","pharmaceutical","DTXSID80154474","124750-92-1","ZEUXAIYYDDCIRX-UHFFFAOYSA-N",35
"MCPA","Cc1cc(Cl)ccc1OCC(=O)O","pesticide","DTXSID4024195","94-74-6","WHKUVVPPKQRRBV-UHFFFAOYSA-N",21
"Mebendazole","COC(=O)Nc1nc2ccc(C(=O)c3ccccc3)cc2[nH]1","pharmaceutical","DTXSID4040682","31431-39-7","OPXLLQIJSORQAM-UHFFFAOYSA-N",8
"Mecoprop","Cc1cc(Cl)ccc1OC(C)C(=O)O","pesticide","DTXSID9024194","93-65-2","WNTGYJSOUMFZEP-UHFFFAOYSA-N",8
"Mefenamic acid","Cc1cccc(Nc2ccccc2C(=O)O)c1C","pharmaceutical","DTXSID5023243","61-68-7","HYYBABOKPJLUIN-UHFFFAOYSA-N",2
"Melamine","Nc1nc(N)nc(N)n1","industrial","DTXSID6020802","108-78-1","JDSHMPZPIAZGSV-UHFFFAOYSA-N",48
"Melatonin","COc1ccc2[nH]cc(CCNC(C)=O)c2c1","human metabolite","DTXSID1022421","73-31-4","DRLFMBDRBRZALE-UHFFFAOYSA-N",5
"Melperon","CC1CCN(CCCC(=O)c2ccc(F)cc2)CC1","pharmaceutical","DTXSID0023298","3575-80-2","DKMFBWQBDIGMHM-UHFFFAOYSA-N",2
"Memantine","CC12CC3CC(C)(C1)CC(N)(C3)C2","pharmaceutical","DTXSID5045174","19982-08-2","BUGYDGFZZOZRHP-UHFFFAOYSA-N",16
"Mepiquat","C[N+]1(C)CCCCC1","pesticide","DTXSID9042122","15302-91-7","NNCAWEWCFVZOGF-UHFFFAOYSA-N",70
"Metalaxyl","COCC(=O)N(c1c(C)cccc1C)C(C)C(=O)OC","pesticide","DTXSID6024175","57837-19-1","ZQEIXNIJLIKNTD-UHFFFAOYSA-N",26
"Metalaxyl CGA108906","COCC(=O)N(c1c(C)cccc1C(=O)O)C(C)C(=O)O",NA,"a",NA,"b",4
"Metamitron-desamino","Cc1nnc(-c2ccccc2)c(=O)[nH]1",NA,"DTXSID30190483","36993-94-9","OUSYWCQYMPDAEO-UHFFFAOYSA-N",11
"Metazachlor","Cc1cccc(C)c1N(Cn1cccn1)C(=O)CCl","pesticide","DTXSID4058156","67129-08-2","STEPQTYSZVCJPV-UHFFFAOYSA-N",7
"Metazachlor BH479-12","Cc1cccc(C(=O)O)c1N(Cn1cccn1)C(=O)C(=O)O","pesticide","DTXSID801017810","1367578-41-3","DFJUHFNLKWOTIZ-UHFFFAOYSA-N",6
"Metazachlor ESA","Cc1cccc(C)c1N(Cn1cccn1)C(=O)CS(=O)(=O)O","pesticide","DTXSID40891454","172960-62-2","IPVCSECPEVHQOV-UHFFFAOYSA-N",57
"Metazachlor OA","Cc1cccc(C)c1N(Cn1cccn1)C(=O)C(=O)O","pesticide","DTXSID00891455","1231244-60-2","PHMHHVKFXZNTKU-UHFFFAOYSA-N",10
"Metformin","CN(C)C(=N)N=C(N)N","pharmaceutical","DTXSID2023270","657-24-9","XZWYZXLIPXDOLR-UHFFFAOYSA-N",93
"Methadone","CCC(=O)C(CC(C)N(C)C)(c1ccccc1)c1ccccc1","stimulans","DTXSID7023273","76-99-3","USSIQXCVUWKGNF-UHFFFAOYSA-N",10
"Methamphetamine","CN[C@H](C)Cc1ccccc1","stimulans","DTXSID8037128","537-46-2","MYWUZJCMWCOHBA-VIFPVBQESA-N",19
"Methenamine","C1N2CN3CN1CN(C2)C3","pharmaceutical","DTXSID6020692","100-97-0","VKYKSIONXSXAKP-UHFFFAOYSA-N",2
"Methimazol","Cn1cc[nH]c1=S","pharmaceutical","DTXSID4020820","60-56-0","PMRYVIKBURPHAH-UHFFFAOYSA-N",1
"Methiocarb sulfone","CNC(=O)Oc1cc(C)c(S(C)(=O)=O)c(C)c1","pesticide","DTXSID3042138","2179-25-1","RJBJMKAMQIOAML-UHFFFAOYSA-N",2
"Methiocarb-sulfoxide phenol","Cc1cc(O)cc(C)c1S(C)=O","pesticide","DTXSID20865052","22454-92-8","ZHBBDQFXEDCQFI-UHFFFAOYSA-N",1
"Methocarbamol","COc1ccccc1OCC(O)COC(N)=O","pharmaceutical","DTXSID6023286","532-03-6","GNXFOGHNGIVQEH-UHFFFAOYSA-N",12
"Methomyl","CNC(=O)O/N=C(\C)SC","pesticide","DTXSID1022267","16752-77-5","UHXUZOCRWCRNSJ-UHFFFAOYSA-N",5
"Methyl diethanolamine","CN(CCO)CCO","sweetener","DTXSID8025591","105-59-9","CRVGTESFCCXCTH-UHFFFAOYSA-N",2
"Methylchloroisothiazolinone","Cn1sc(Cl)cc1=O","biocide","DTXSID9034286","26172-55-4","DHNRXBZYEKSXIM-UHFFFAOYSA-N",1
"Methyldesphenylchloridazon","Cn1ncc(N)c(Cl)c1=O","pesticide","DTXSID80891453","17254-80-7","XNSGCNYTNLWRKM-UHFFFAOYSA-N",61
"Metobromuron","CON(C)C(=O)Nc1ccc(Br)cc1","pesticide","DTXSID6042157","3060-89-7","WLFDQEVORAMCIM-UHFFFAOYSA-N",1
"Metolachlor","CCc1cccc(C)c1N(C(=O)CCl)C(C)COC","pesticide","DTXSID4022448","51218-45-2","WVQBLGZPHOPPFO-UHFFFAOYSA-N",70
"Metolachlor CGA 357704","CCc1cccc(C)c1N(C(=O)C(=O)O)[C@@H](C)C(=O)O","pesticide","DTXSID70746827","1217465-10-5","IMFSUYMDPTXKCC-VIFPVBQESA-N",21
"Metolachlor CGA 368208","CCc1cccc(C)c1NC(=O)CS(=O)(=O)O","pesticide","DTXSID401017913","446027-17-4","QPVPJECIHVSBLZ-UHFFFAOYSA-N",8
"Metolachlor ESA","CCc1cccc(C)c1N(C(=O)CS(=O)(=O)O)C(C)COC","pesticide","DTXSID1037567","171118-09-5","CIGKZVUEZXGYSV-UHFFFAOYSA-N",117
"Metolachlor OA","CCc1cccc(C)c1N(C(=O)C(=O)O)C(C)COC","pesticide","DTXSID6037568","152019-73-3","LNOOSYCKMKZOJB-UHFFFAOYSA-N",76
"Metolachlor-NOA 413173","CCc1cccc(C)c1N(C(=O)CS(=O)(=O)O)[C@@H](C)C(=O)O","pesticide","DTXSID901016160","1418095-19-8","WOXWIWNBIJDJHI-JTQLQIEISA-N",56
"Metoprolol","COCCc1ccc(OCC(O)CNC(C)C)cc1","pharmaceutical","DTXSID2023309","51384-51-1","IUBSYMUCCVWXPE-UHFFFAOYSA-N",68
"Metoprolol acid","CC(C)NCC(O)COc1ccc(CC(=O)O)cc1","pharmaceutical","DTXSID70881080","56392-14-4","PUQIRTNPJRFRCZ-UHFFFAOYSA-N",79
"Metribuzin","CSc1nnc(C(C)(C)C)c(=O)n1N","pesticide","DTXSID6024204","21087-64-9","FOXFZRUHNHCZPX-UHFFFAOYSA-N",4
"Mirtazapine","CN1CCN2c3ncccc3Cc3ccccc3C2C1","pharmaceutical","DTXSID0023325","61337-67-5","RONZAEMNMFQXRA-UHFFFAOYSA-N",3
"Monensin","CC[C@@]1([C@@H]2O[C@@H]([C@H]3O[C@@](O)(CO)[C@H](C)C[C@@H]3C)C[C@@H]2C)CC[C@H]([C@]2(C)CC[C@]3(C[C@H](O)[C@@H](C)[C@@H]([C@@H](C)[C@@H](OC)[C@H](C)C(=O)O)O3)O2)O1","pharmaceutical","DTXSID4048561","17090-79-8","GAOZTHIDHYLHMS-KEOBGNEYSA-N",1
"Myclobutanil","CCCCC(C#N)(Cn1cncn1)c1ccc(Cl)cc1","pesticide","DTXSID8024315","88671-89-0","HZJKXKUJVSEEFU-UHFFFAOYSA-N",4
"Mycophenolic acid","COc1c(C)c2c(c(O)c1C/C=C(\C)CCC(=O)O)C(=O)OC2","pharmaceutical","DTXSID4041070","24280-93-1","HPNSFSBZBAHARI-RUDMXATFSA-N",13
"N,N-Dimethyldecan-1-amide","CCCCCCCCCC(=O)N(C)C",NA,"DTXSID1027764","14433-76-2","HNXNKTMIVROLTK-UHFFFAOYSA-N",20
"N,N-Dimethyldecylamine","CCCCCCCCCCN(C)C","surfactant","DTXSID1049566","1120-24-7","YWWNNLPSZSEZNZ-UHFFFAOYSA-N",1
"N,N-Dimethyldodecylamine","CCCCCCCCCCCCN(C)C","surfactant","DTXSID1026906","112-18-5","YWFWDNVOPHGWMX-UHFFFAOYSA-N",5
"N,N-Dimethyldodecylamine N-oxide","CCCCCCCCCCCC[N+](C)(C)[O-]","surfactant","DTXSID1020514","1643-20-5","SYELZBGXAIXKHU-UHFFFAOYSA-N",2
"N-Acetyl-4-aminoantipyrine","CC(=O)Nc1c(C)n(C)n(-c2ccccc2)c1=O","pharmaceutical","DTXSID40232106","83-15-8","OIAGWXKSCXPNNZ-UHFFFAOYSA-N",117
"N-Butylbenzenesulfonamide","CCCCNS(=O)(=O)c1ccccc1","industrial","DTXSID7027540","3622-84-2","IPRJXAGUEGOFGG-UHFFFAOYSA-N",28
"N-Cyclohexyl-2-benzothiazole-amine","c1ccc2sc(NC3CCCCC3)nc2c1","rubber additive","DTXSID50891506","28291-75-0","UPWPIFMHSFSVLE-UHFFFAOYSA-N",10
"N-Ethyl-3-methylbenzamide","CCNC(=O)c1cccc(C)c1","repellent","DTXSID50181313","26819-07-8","FPINATACRXASTP-UHFFFAOYSA-N",36
"N-Ethyl-o-toluenesulfonamide","CCNS(=O)(=O)c1ccccc1C","industrial","DTXSID5052416","1077-56-1","NATWUQFQFMZVMT-UHFFFAOYSA-N",38
"N-Formyl-4-aminoantipyrine","Cc1c(NC=O)c(=O)n(-c2ccccc2)n1C","pharmaceutical","DTXSID10168241","1672-58-8","WSJBSKRPKADYRQ-UHFFFAOYSA-N",108
"N-Lauroylethanolamine","CCCCCCCCCCCC(=O)NCCO",NA,"DTXSID5025493","142-78-9","QZXSMBBFBXPQHI-UHFFFAOYSA-N",21
"N-Methyl-dicyclohexylamine","CN(C1CCCCC1)C1CCCCC1","industrial","DTXSID6044727","7560-83-0","GSCCALZHGUWNJW-UHFFFAOYSA-N",3
"N-Methyldodecylamine","CCCCCCCCCCCCNC","surfactant","DTXSID90223387","7311-30-0","OMEMQVZNTDHENJ-UHFFFAOYSA-N",5
"N-Phenyl-1-naphthylamine","c1ccc(Nc2cccc3ccccc23)cc1","industrial","DTXSID2025892","90-30-2","XQVWYOYUZDUNRW-UHFFFAOYSA-N",1
"Naproxen","COc1ccc2cc(C(C)C(=O)O)ccc2c1","pharmaceutical","DTXSID4040686","22204-53-1","CMWTZPSULFXXJA-VIFPVBQESA-N",5
"Nicosulfuron","COc1cc(OC)nc(NC(=O)NS(=O)(=O)c2ncccc2C(=O)N(C)C)n1","pesticide","DTXSID6034764","111991-09-4","RTCOGUMHFFWOJV-UHFFFAOYSA-N",26
"Nitrendipin","CCOC(=O)C1=C(C)NC(C)=C(C(=O)OC)C1c1cccc([N+](=O)[O-])c1","pharmaceutical","DTXSID0023373","39562-70-4","PVHUJELLJLJGLN-UHFFFAOYSA-N",10
"Norfloxacin","CCn1cc(C(=O)O)c(=O)c2cc(F)c(N3CCNCC3)cc21","pharmaceutical","DTXSID7037680","70458-96-7","OGJPXUAPXNRGGI-UHFFFAOYSA-N",6
"Ofloxacin","CC1COc2c(N3CCN(C)CC3)c(F)cc3c(=O)c(C(=O)O)cn1c23","pharmaceutical","DTXSID3041085","82419-36-1","GSDSWSVVBLHKDQ-UHFFFAOYSA-N",4
"Omethoate","CNC(=O)CSP(=O)(OC)OC","pesticide","DTXSID4037580","1113-02-6","PZXOQEXFMJCDPG-UHFFFAOYSA-N",3
"Oxazepam","O=C1Nc2ccc(Cl)cc2C(c2ccccc2)=NC1O","pharmaceutical","DTXSID1021087","604-75-1","ADIMAYPTOBDMTL-UHFFFAOYSA-N",31
"Oxybutynin","CCN(CC)CC#CCOC(=O)C(O)(c1ccccc1)C1CCCCC1","pharmaceutical","DTXSID0023406","5633-20-5","XIQVNETUBQGFHX-UHFFFAOYSA-N",4
"Oxypurinol","O=c1[nH]c(=O)c2c[nH]nc2[nH]1","pharmaceutical","DTXSID4035209","2465-59-0","HXNFUBHNUDHIGC-UHFFFAOYSA-N",40
"Palmitoylethanolamide","CCCCCCCCCCCCCCCC(=O)NCCO","pharmaceutical","DTXSID4042254","544-31-0","HXYVTAGFYLMHSO-UHFFFAOYSA-N",1
"Paraxanthine","Cn1c(=O)[nH]c2ncn(C)c2c1=O","stimulans","DTXSID2052281","611-59-6","QUNWUDVFRNGTCO-UHFFFAOYSA-N",17
"Pencycuron","O=C(Nc1ccccc1)N(Cc1ccc(Cl)cc1)C1CCCC1","biocide","DTXSID3042261","66063-05-6","OGYFATSSENRIKG-UHFFFAOYSA-N",12
"Pendimethalin","CCC(CC)Nc1c([N+](=O)[O-])cc(C)c(C)c1[N+](=O)[O-]","pesticide","DTXSID7024245","40487-42-1","CHIFOSRWCNZCFN-UHFFFAOYSA-N",1
"Pentoxifylline","CC(=O)CCCCn1c(=O)c2c(ncn2C)n(C)c1=O","pharmaceutical","DTXSID7023437","6493-05-6","BYPFEZZEUUWMEJ-UHFFFAOYSA-N",22
"Perfluorobutanoic acid","O=C(O)C(F)(F)C(F)(F)C(F)(F)F","PFC","DTXSID4059916","375-22-4","YPJUNDFVDDCYIH-UHFFFAOYSA-N",2
"Perfluoroheptanoic acid","O=C(O)C(F)(F)C(F)(F)C(F)(F)C(F)(F)C(F)(F)C(F)(F)F","PFC","DTXSID1037303","375-85-9","ZWBAMYVPMDSJGQ-UHFFFAOYSA-N",9
"Perfluorohexanoic acid","O=C(O)C(F)(F)C(F)(F)C(F)(F)C(F)(F)C(F)(F)F","PFC","DTXSID3031862","307-24-4","PXUULQAPEKKVAH-UHFFFAOYSA-N",17
"Perfluorooctanesulfonic acid","O=S(=O)(O)C(F)(F)C(F)(F)C(F)(F)C(F)(F)C(F)(F)C(F)(F)C(F)(F)C(F)(F)F","PFC","DTXSID3031864","1763-23-1","YFSUTJLHUFNCNZ-UHFFFAOYSA-N",29
"Pethoxamid","CCOCCN(C(=O)CCl)C(=C(C)C)c1ccccc1","pesticide","DTXSID4057928","106700-29-2","CSWIKHNSBZVWNQ-UHFFFAOYSA-N",26
"Phenazone","Cc1cc(=O)n(-c2ccccc2)n1C","pharmaceutical","DTXSID6021117","60-80-0","VEQOALNAAJBPNY-UHFFFAOYSA-N",63
"Phenylbenzimidazole sulfonic acid","O=S(=O)(O)c1ccc2nc(-c3ccccc3)[nH]c2c1","UV filter","DTXSID3038852","27503-81-7","UVCJGUGAGLDPAA-UHFFFAOYSA-N",88
"Phenylethylmalonamide","CCC(C(N)=O)(C(N)=O)c1ccccc1","industrial","DTXSID3025885","7206-76-0","JFZHPFOXAAIUMB-UHFFFAOYSA-N",3
"Phloretin","O=C(CCc1ccc(O)cc1)c1c(O)cc(O)cc1O",NA,"DTXSID6022393","60-82-2","VGEREEWJJVICBM-UHFFFAOYSA-N",4
"Picolinafen","O=C(Nc1ccc(F)cc1)c1cccc(Oc2cccc(C(F)(F)F)c2)n1","pesticide","DTXSID8044339","137641-05-5","CWKFPEBMTGKLKX-UHFFFAOYSA-N",2
"Pindolol","CC(C)NCC(O)COc1cccc2[nH]ccc12","pharmaceutical","DTXSID8023476","13523-86-9","JZQKKSLKJUAGIC-UHFFFAOYSA-N",16
"Pipamperone","NC(=O)C1(N2CCCCC2)CCN(CCCC(=O)c2ccc(F)cc2)CC1","pharmaceutical","DTXSID8048369","1893-33-0","AXKPFOAXAHJUAG-UHFFFAOYSA-N",7
"Piperine","O=C(/C=C/C=C/c1ccc2c(c1)OCO2)N1CCCCC1","food ingredient","DTXSID3021805","94-62-2","MXXWOMGUGJBKIW-YPCIICBESA-N",17
"Piperonyl butoxide","CCCCOCCOCCOCc1cc2c(cc1CCC)OCO2","pesticide","DTXSID1021166","51-03-6","FIPWRIJSWJWJAI-UHFFFAOYSA-N",12
"Pirimicarb","Cc1nc(N(C)C)nc(OC(=O)N(C)C)c1C","pesticide","DTXSID1032569","23103-98-2","YFGYUFNIOHWBOB-UHFFFAOYSA-N",13
"Pravastatin","CC[C@H](C)C(=O)O[C@H]1C[C@H](O)C=C2C=C[C@H](C)[C@H](CC[C@@H](O)C[C@@H](O)CC(=O)O)[C@H]21","pharmaceutical","DTXSID6023498","81093-37-0","TUZYXOIXSAXUGO-PZAWKZKUSA-N",50
"Primidone","CCC1(c2ccccc2)C(=O)NCNC1=O","pharmaceutical","DTXSID7023510","125-33-7","DQMZLTXERSFNPB-UHFFFAOYSA-N",6
"Prochloraz","CCCN(CCOc1c(Cl)cc(Cl)cc1Cl)C(=O)n1ccnc1","pesticide","DTXSID4024270","67747-09-5","TVLSRXXIMLFWEO-UHFFFAOYSA-N",3
"Propamocarb","CCCOC(=O)NCCCN(C)C","pesticide","DTXSID1040295","24579-73-5","WZZLDXDUQPOXNW-UHFFFAOYSA-N",11
"Propargite","C#CCOS(=O)OC1CCCCC1Oc1ccc(C(C)(C)C)cc1","biocide","DTXSID4024276","2312-35-8","ZYHMJXZULPZUED-UHFFFAOYSA-N",12
"Propiconazole","CCCC1COC(Cn2cncn2)(c2ccc(Cl)cc2Cl)O1","pesticide","DTXSID8024280","60207-90-1","STJLVHWMYQXCPB-UHFFFAOYSA-N",8
"Propranolol","CC(C)NCC(O)COc1cccc2ccccc12","pharmaceutical","DTXSID6023525","525-66-6","AQHHHDLHHXJYJD-UHFFFAOYSA-N",21
"Propyphenazone","Cc1c(C(C)C)c(=O)n(-c2ccccc2)n1C","pharmaceutical","DTXSID6023529","479-92-5","PXWLVJLKJGVOKE-UHFFFAOYSA-N",30
"Propyzamide","C#CC(C)(C)NC(=O)c1cc(Cl)cc(Cl)c1","pesticide","DTXSID2020420","23950-58-5","PHNUZKMIPFFYSO-UHFFFAOYSA-N",1
"Prosulfocarb","CCCN(CCC)C(=O)SCc1ccccc1","pesticide","DTXSID3058119","52888-80-9","NQLVQOSNDJXLKG-UHFFFAOYSA-N",1
"Prothioconazole-desthio","OC(Cc1ccccc1Cl)(Cn1cncn1)C1(Cl)CC1","pesticide","DTXSID3044338","120983-64-4","HHUQPWODPBDTLI-UHFFFAOYSA-N",5
"Quinmerac","Cc1cnc2c(C(=O)O)c(Cl)ccc2c1","pesticide","DTXSID1042364","90717-03-6","ALZOLUNSQWINIR-UHFFFAOYSA-N",2
"Quinoline","c1ccc2ncccc2c1","industrial","DTXSID1021798","91-22-5","SMWDFEZZVXVKRB-UHFFFAOYSA-N",6
"Quinoline N-oxide","[O-][n+]1cccc2ccccc21","industrial","DTXSID00167107","1613-37-2","GIIWGCBLYNDKBO-UHFFFAOYSA-N",1
"Raloxifene","O=C(c1ccc(OCCN2CCCCC2)cc1)c1c(-c2ccc(O)cc2)sc2cc(O)ccc12","pharmaceutical","DTXSID3023550","84449-90-1","GZUITABIAKMVPG-UHFFFAOYSA-N",4
"Ranitidine","CNC(=C[N+](=O)[O-])NCCSCc1ccc(CN(C)C)o1","pharmaceutical","DTXSID8045191","66357-35-5","VMXUWOKSQNHOCA-UHFFFAOYSA-N",24
"Roxithromycin","CC[C@H]1OC(=O)[C@H](C)[C@@H](OC2CC(C)(OC)C(O)C(C)O2)[C@H](C)[C@@H](OC2OC(C)CC(N(C)C)C2O)[C@](C)(O)C[C@@H](C)/C(=N\OCOCCOC)[C@H](C)[C@@H](O)[C@]1(C)O","pharmaceutical","DTXSID8041117","80214-83-1","RXZBMPWDPOLZGW-HITVVWEBSA-N",4
"Saccharin","O=C1NS(=O)(=O)c2ccccc21","sweetener","DTXSID5021251","81-07-2","CVHZOJJKTDOEJC-UHFFFAOYSA-N",56
"Scopolamine-N-butyl","CCCC[N+]1(C)[C@@H]2C[C@@H](OC(=O)[C@H](CO)c3ccccc3)C[C@H]1[C@@H]1O[C@@H]12","pharmaceutical","DTXSID1022718","149-64-4","HOZOZZFCZRXYEK-GSWUYBTGSA-M",2
"Secobarbital","C=CCC1(C(C)CCC)C(=O)NC(=O)NC1=O","pharmaceutical","DTXSID6044145","76-73-3","KQPKPCNLIDLUMF-UHFFFAOYSA-N",2
"Sertraline","CN[C@H]1CC[C@@H](c2ccc(Cl)c(Cl)c2)c2ccccc21","pharmaceutical","DTXSID6023577","79617-96-2","VGKDLMBJGBXTGI-SJCJKPOMSA-N",7
"Sidenafil","CCCc1nn(C)c2c(=O)[nH]c(-c3cc(S(=O)(=O)N4CCN(C)CC4)ccc3OCC)nc12","pharmaceutical","DTXSID6023579","139755-83-2","BNRNXUUZRGQAQC-UHFFFAOYSA-N",6
"Simazine","CCNc1nc(Cl)nc(NCC)n1","pesticide","DTXSID4021268","122-34-9","ODCWYMIRDDJXKW-UHFFFAOYSA-N",2
"Simetryn","CCNc1nc(NCC)nc(SC)n1","pesticide","DTXSID8037596","1014-70-6","MGLWZSOBALDPEK-UHFFFAOYSA-N",3
"Sotalol","CC(C)NCC(O)c1ccc(NS(C)(=O)=O)cc1","pharmaceutical","DTXSID0023589","3930-20-9","ZBMZVLHSJCTVON-UHFFFAOYSA-N",34
"Spinosyn A","CC[C@H]1CCC[C@H](O[C@H]2CC[C@H](N(C)C)[C@@H](C)O2)[C@@H](C)C(=O)C2=C[C@@H]3[C@@H](C=C[C@@H]4C[C@@H](O[C@@H]5O[C@@H](C)[C@H](OC)[C@@H](OC)[C@H]5OC)C[C@@H]34)[C@@H]2CC(=O)O1","pesticide","DTXSID8037598","131929-60-7","SRJQTHAZUNRMPR-UYQKXTDMSA-N",3
"Spiroxamine","CCCN(CC)CC1COC2(CCC(C(C)(C)C)CC2)O1","pesticide","DTXSID1034212","118134-30-8","PUYXTUJWRLOUCW-UHFFFAOYSA-N",2
"Sucralose","OC[C@H]1O[C@H](O[C@]2(CCl)O[C@H](CCl)[C@@H](O)[C@@H]2O)[C@H](O)[C@@H](O)[C@H]1Cl","sweetener","DTXSID1040245","56038-13-2","BAQAVOSOZGMPRM-QBMZZYIRSA-N",100
"Sulfadimethoxine","COc1cc(NS(=O)(=O)c2ccc(N)cc2)nc(OC)n1","pharmaceutical","DTXSID1023607","122-11-2","ZZORFUFYDOWNEF-UHFFFAOYSA-N",2
"Sulfamethazine","Cc1cc(C)nc(NS(=O)(=O)c2ccc(N)cc2)n1","pharmaceutical","DTXSID6021290","57-68-1","ASWVTGNCAZCNNR-UHFFFAOYSA-N",3
"Sulfamethoxazole","Cc1cc(NS(=O)(=O)c2ccc(N)cc2)no1","pharmaceutical","DTXSID8026064","723-46-6","JLKIGFTWXXRPMT-UHFFFAOYSA-N",68
"Sulfapyridine","Nc1ccc(S(=O)(=O)Nc2ccccn2)cc1","pharmaceutical","DTXSID3026067","144-83-2","GECHUMIMRBOMGK-UHFFFAOYSA-N",21
"Sulfathiazole","Nc1ccc(S(=O)(=O)Nc2nccs2)cc1","pharmaceutical","DTXSID8026068","72-14-0","JNMRHUJNCSQMMB-UHFFFAOYSA-N",1
"TDCPP","O=P(OC(CCl)CCl)(OC(CCl)CCl)OC(CCl)CCl","plastic additive","DTXSID9026261","13674-87-8","ASLWPAWFJZFCKF-UHFFFAOYSA-N",2
"TMDD","CC(C)CC(C)(O)C#CC(C)(O)CC(C)C","industrial","DTXSID7027041","126-86-3","LXOFYPKXCSULTL-UHFFFAOYSA-N",2
"Tacrolimus","C=CC[C@@H]1C=C(C)C[C@H](C)C[C@H](OC)[C@H]2O[C@@](O)(C(=O)C(=O)N3CCCC[C@H]3C(=O)O[C@H](/C(C)=C/[C@@H]3CC[C@@H](O)[C@H](OC)C3)[C@H](C)[C@@H](O)CC1=O)[C@H](C)C[C@@H]2OC","pharmaceutical","DTXSID5046354","104987-11-3","QJJXYPPXXYFBGM-LFZNUXCKSA-N",3
"Tebuconazole","CC(C)(C)C(O)(CCc1ccc(Cl)cc1)Cn1cncn1","pesticide","DTXSID9032113","107534-96-3","PXMNMQRDXWABCY-UHFFFAOYSA-N",15
"Telmisartan","CCCc1nc2c(C)cc(-c3nc4ccccc4n3C)cc2n1Cc1ccc(-c2ccccc2C(=O)O)cc1","pharmaceutical","DTXSID8023636","144701-48-4","RMMXLENWKUUMAY-UHFFFAOYSA-N",49
"Temazepam","CN1C(=O)C(O)N=C(c2ccccc2)c2cc(Cl)ccc21","pharmaceutical","DTXSID8021309","846-50-4","SEQDDYPDSLOBDC-UHFFFAOYSA-N",6
"Terbuthylazine","CCNc1nc(Cl)nc(NC(C)(C)C)n1","pesticide","DTXSID4027608","5915-41-3","FZXISNSWEXTPMF-UHFFFAOYSA-N",87
"Terbuthylazine-2-hydroxy","CCNc1nc(NC(C)(C)C)[nH]c(=O)n1","pesticide","DTXSID20216888","66753-07-9","OYTCZOJKXCTBHG-UHFFFAOYSA-N",50
"Terbutryn","CCNc1nc(NC(C)(C)C)nc(SC)n1","biocide","DTXSID3024318","886-50-0","IROINLKCQGIITA-UHFFFAOYSA-N",84
"Tetraacetylethylenediamine","CC(=O)N(CCN(C(C)=O)C(C)=O)C(C)=O","surfactant","DTXSID5040752","10543-57-4","BGRWYDHXPHLNKA-UHFFFAOYSA-N",27
"Tetrabutylammonium","CCCC[N+](CCCC)(CCCC)CCCC","industrial","DTXSID3045011","10549-76-5","DZLFLBLQUQXARW-UHFFFAOYSA-N",6
"Tetracain","CCCCNc1ccc(C(=O)OCCN(C)C)cc1","pharmaceutical","DTXSID1043883","94-24-6","GKCBAIGFKIBETG-UHFFFAOYSA-N",2
"Tetraethyleneglycol monobutyl ether","CCCCOCCOCCOCCOCCO",NA,"DTXSID2027412","1559-34-8","MXVMODFDROLTFD-UHFFFAOYSA-N",18
"Tetraglyme","COCCOCCOCCOCCOC","industrial","DTXSID7044396","143-24-8","ZUHZGEOKBKGPSW-UHFFFAOYSA-N",51
"Tetramethylthiuram monosulfide","CN(C)C(=S)SC(=S)N(C)C","industrial","DTXSID0021333","97-74-5","REQPQFUJGGOFQL-UHFFFAOYSA-N",8
"Theobromine","Cn1cnc2c1c(=O)[nH]c(=O)n2C","bittern","DTXSID9026132","83-67-0","YAPQBXQYLJRXSA-UHFFFAOYSA-N",14
"Thiabendazole","c1ccc2[nH]c(-c3cscn3)nc2c1","biocide","DTXSID0021337","148-79-8","WJCNZQLZVWNLKY-UHFFFAOYSA-N",1
"Thiacloprid","N#CN=C1SCCN1Cc1ccc(Cl)nc1","pesticide","DTXSID7034961","111988-49-9","HOKKPVIRMVDYPB-UVTDQMKNSA-N",20
"Thiacloprid amide","NC(=O)N=C1SCCN1Cc1ccc(Cl)nc1","pesticide","DTXSID60583566","676228-91-4","LEZHOZPJYAQQNU-UVTDQMKNSA-N",5
"Thiamethoxam","CN1COCN(Cc2cnc(Cl)s2)/C1=N/[N+](=O)[O-]","biocide","DTXSID2034962","153719-23-4","NWWZPOKUUAIXIW-UHFFFAOYSA-N",6
"Thiophanate-methyl","COC(=O)NC(=S)Nc1ccccc1NC(=S)NC(=O)OC","pesticide","DTXSID1024338","23564-05-8","QGHREAKMXXNCOA-UHFFFAOYSA-N",21
"Torasemide","Cc1cccc(Nc2ccncc2S(=O)(=O)NC(=O)NC(C)C)c1","pharmaceutical","DTXSID2023690","56211-40-6","NGBFQHCMQULJNZ-UHFFFAOYSA-N",4
"Tramadol","COc1cccc([C@@]2(O)CCCC[C@@H]2CN(C)C)c1","pharmaceutical","DTXSID90858931","27203-92-5","TVYLLZQTGLZFBW-ZBFHGGJFSA-N",93
"Tri(butoxyethyl) phosphate","CCCCOCCOP(=O)(OCCOCCCC)OCCOCCCC","plastic additive","DTXSID5021758","78-51-3","WTLBZVNBAKMVDP-UHFFFAOYSA-N",49
"Triacetin","CC(=O)OCC(COC(C)=O)OC(C)=O","dye","DTXSID3026691","102-76-1","URAYPUMNDPQOKB-UHFFFAOYSA-N",11
"Tributyl phosphate","CC(C)COP(=O)(OCC(C)C)OCC(C)C","plastic additive","DTXSID8040698","126-71-6","HRKAMJBPFPHCSD-UHFFFAOYSA-N",19
"Triclocarban","O=C(Nc1ccc(Cl)cc1)Nc1ccc(Cl)c(Cl)c1","biocide","DTXSID4026214","101-20-2","ICUTUKXCWQYESQ-UHFFFAOYSA-N",6
"Triclosan","Oc1cc(Cl)ccc1Oc1ccc(Cl)cc1Cl","biocide","DTXSID5032498","3380-34-5","XEFQLINVKFYRCS-UHFFFAOYSA-N",10
"Tricresylphosphate","Cc1ccc(OP(=O)(Oc2ccc(C)cc2)Oc2ccc(C)cc2)cc1","plastic additive","DTXSID5052676","78-32-0","BOSMZFBHAYFUBJ-UHFFFAOYSA-N",1
"Triethyl phosphate","CCOP(=O)(OCC)OCC","plastic additive","DTXSID8026228","78-40-0","DQWPFSLDHJDLRL-UHFFFAOYSA-N",66
"Triethylcitrate","CCOC(=O)CC(O)(CC(=O)OCC)C(=O)OCC","plastic additive","DTXSID0040701","77-93-0","DOOTYTYQINUNNV-UHFFFAOYSA-N",9
"Trifloxystrobin","CO/N=C(\C(=O)OC)c1ccccc1CO/N=C(\C)c1cccc(C(F)(F)F)c1","pesticide","DTXSID4032580","141517-21-7","ONCZDRURRATYFI-TVJDWZFNSA-N",1
"Trifloxystrobin CGA 321113","CO/N=C(\C(=O)O)c1ccccc1CO/N=C(\C)c1cccc(C(F)(F)F)c1","pesticide","DTXSID50892513","252913-85-2","ISZQNKFXNXQTTF-NACSPRHISA-N",1
"Trifluoromethanesulfonic acid","O=S(=O)(O)C(F)(F)F",NA,"DTXSID2044397","1493-13-6","ITMCEJHCFYSIIV-UHFFFAOYSA-N",3
"Triglyme","COCCOCCOCCOC","industrial","DTXSID8026224","112-49-2","YFNKIDBQEZZDLK-UHFFFAOYSA-N",28
"Trimethoprim","COc1cc(Cc2cnc(N)nc2N)cc(OC)c1OC","pharmaceutical","DTXSID3023712","738-70-5","IEDVJHCEMCRBQM-UHFFFAOYSA-N",25
"Trimethyloctylammonium","CCCCCCCC[N+](C)(C)C","surfactant","DTXSID10165674","15461-38-8","HTKPDYSCAPSXIR-UHFFFAOYSA-N",4
"Triphenyl phosphate","O=P(Oc1ccccc1)(Oc1ccccc1)Oc1ccccc1","plastic additive","DTXSID1021952","115-86-6","XZZNDPSIHUTMOC-UHFFFAOYSA-N",2
"Triphenylphosphine oxide","O=P(c1ccccc1)(c1ccccc1)c1ccccc1","industrial","DTXSID2022121","791-28-6","FIQMHBFVRAXMOP-UHFFFAOYSA-N",6
"Tripropyl phosphate","CCCOP(=O)(OCCC)OCCC","plastic additive","DTXSID4052712","513-08-6","RXPQRKFMDQNODS-UHFFFAOYSA-N",1
"Tripropylamine","CCCN(CCC)CCC","industrial","DTXSID9021849","102-69-2","YFTHZRPMJXBUME-UHFFFAOYSA-N",40
"Tris(1-chloro-2-propyl) phosphate","CC(CCl)OP(=O)(OC(C)CCl)OC(C)CCl","plastic additive","DTXSID5026259","13674-84-5","KVMPUXDNESXNOH-UHFFFAOYSA-N",5
"Tris(2-chloroethyl) phosphate","O=P(OCCCl)(OCCCl)OCCCl","flame retardant","DTXSID5021411","115-96-8","HQUQLFOMPYWACS-UHFFFAOYSA-N",12
"Tris(2-ethylhexyl) phosphate","CCCCC(CC)COP(=O)(OCC(CC)CCCC)OCC(CC)CCCC","plastic additive","DTXSID0021414","78-42-2","GTVWRXDRKAHEAD-UHFFFAOYSA-N",4
"Uvinul A Plus","CCCCCCOC(=O)c1ccccc1C(=O)c1ccc(N(CC)CC)cc1O","UV filter","DTXSID60184370","302776-68-7","FDATWRLUYRHCJE-UHFFFAOYSA-N",12
"Valsartan","CCCCC(=O)N(Cc1ccc(-c2ccccc2-c2nn[nH]n2)cc1)[C@H](C(=O)O)C(C)C","pharmaceutical","DTXSID6023735","137862-53-4","ACWBQPMHZXGDFX-QFIPXVFZSA-N",69
"Vancomycin","CNC(CC(C)C)C(=O)NC1C(=O)NC(CC(N)=O)C(=O)NC2C(=O)NC3C(=O)NC(C(=O)NC(C(=O)O)c4cc(O)cc(O)c4-c4cc3ccc4O)C(O)c3ccc(c(Cl)c3)Oc3cc2cc(c3OC2OC(CO)C(O)C(O)C2OC2CC(C)(N)C(O)C(C)O2)Oc2ccc(cc2Cl)C1O","pharmaceutical","DTXSID0042664","1404-90-6","MYPYJXKWCTUITO-LYRMYLQWSA-N",3
"Vardenafil","CCCc1nc(C)c2c(=O)[nH]c(-c3cc(S(=O)(=O)N4CCN(CC)CC4)ccc3OCC)nn12","pharmaceutical","DTXSID3048318","224785-90-4","SECKRCOLJRRGGV-UHFFFAOYSA-N",1
"Verapamil","COc1ccc(CCN(C)CCCC(C#N)(c2ccc(OC)c(OC)c2)C(C)C)cc1OC","pharmaceutical","DTXSID9041152","52-53-9","SGTNSNPWRIOYBX-UHFFFAOYSA-N",11
"Warfarin","CC(=O)CC(c1ccccc1)c1c(O)c2ccccc2oc1=O","biocide","DTXSID5023742","81-81-2","PJVWKTKQMONHTI-UHFFFAOYSA-N",6
"epsilon-Caprolactam","O=C1CCCCCN1","industrial","DTXSID4020240","105-60-2","JBKVHLHDHHXQEQ-UHFFFAOYSA-N",1
"m-Xylene-4-sulfonic acid","Cc1ccc(S(=O)(=O)O)c(C)c1","industrial","DTXSID1047023","88-61-9","CHZLVSBMXZSPNN-UHFFFAOYSA-N",111
"o-Toluidine","Cc1ccccc1N","industrial","DTXSID1026164","95-53-4","RNVCVTLRINQCPJ-UHFFFAOYSA-N",16
"p-Toluenesulfonamide","Cc1ccc(S(N)(=O)=O)cc1","industrial","DTXSID8029105","70-55-3","LMYRWZFENFIFIT-UHFFFAOYSA-N",28
"p-Tolylsulfate","Cc1ccc(OS(=O)(=O)O)cc1",NA,"DTXSID80404921","3233-58-7","WGNAKZGUSRVWRH-UHFFFAOYSA-N",11
