SMILES,exposure_duration log10(h),endpoint,effect,SMILES_Canonical_RDKit,predictions log10(mg/L),predictions (mg/L),SMILES Alert,Chemical Alert,endpoint match,effect match,most similar chemical,max cosine similarity,mean cosine similarity
C[N+](C)(C)CC(O)CCl,2.526339277389844,EC10,GRO,C[N+](C)(C)CC(O)CCl,2.121208,132.19284,,,0,0,CC(O)COc1ccccc1,0.97742677,0.35362157
O=c1[nH]sc2ccccc12,2.526339277389844,EC10,GRO,O=c1[nH]sc2ccccc12,-0.887337,0.1296173,,,1,0,O=c1[nH]sc2ccccc12,1.0,0.38216513
CN1CCN(C)C1=O,2.526339277389844,EC10,GRO,CN1CCN(C)C1=O,1.233256,17.110235,,,0,0,CN1CCN(C)C1=O,1.0000001,0.43060756
NC(=Nc1ccccc1)Nc1ccccc1,2.526339277389844,EC10,GRO,NC(=Nc1ccccc1)Nc1ccccc1,0.13958962,1.3790805,,,1,1,NC(=Nc1ccccc1)Nc1ccccc1,1.0000002,0.48081458
O=C(Nc1ccccc1)Nc1ccccc1,2.526339277389844,EC10,GRO,O=C(Nc1ccccc1)Nc1ccccc1,0.30603263,2.0231712,,,0,0,S=C(Nc1ccccc1)Nc1ccccc1,0.9530649,0.5150161
Nc1cccc2c(N)cccc12,2.526339277389844,EC10,GRO,Nc1cccc2c(N)cccc12,0.76147145,5.773929,,,1,0,Nc1cccc2c(N)cccc12,1.0000005,0.5242329
Nc1ccc2nc3c(N)cccc3nc2c1,2.526339277389844,EC10,GRO,Nc1ccc2nc3c(N)cccc3nc2c1,-0.85589576,0.13934913,,,0,0,c1ccc2nc3ccccc3cc2c1,0.808694,0.41531757
Cn1cnc2c1c(=O)n(CCCC(=O)O)c(=O)n2C,2.526339277389844,EC10,GRO,Cn1cnc2c1c(=O)n(CCCC(=O)O)c(=O)n2C,-1.4621254,0.03450441,,,0,0,Cn1c(=O)c2c(ncn2C)n(C)c1=O,0.96026176,0.45042288
c1ccc(CN2CCNCC2)cc1,2.526339277389844,EC10,GRO,c1ccc(CN2CCNCC2)cc1,-0.16623625,0.6819676,,,0,0,Clc1ccc(CNC2CCCC2)cc1,0.9499903,0.525873
CCCCn1cc[n+](C)c1,2.526339277389844,EC10,GRO,CCCCn1cc[n+](C)c1,-0.31395215,0.48534197,,,0,0,CO[SiH](CC1CCCCC1)OC,0.83109295,0.47890133
O=C(Nc1ccccc1)NC1CCCCC1,2.526339277389844,EC10,GRO,O=C(Nc1ccccc1)NC1CCCCC1,0.6115638,4.088498,,,0,0,Nc1cccc2c(N)cccc12,0.92966175,0.49178934
CCCCCCCCCCCCS(=O)(=O)O,2.526339277389844,EC10,GRO,CCCCCCCCCCCCS(=O)(=O)O,0.7012135,5.0258956,,,0,0,CS(=O)(=O)O,0.99349964,0.48669574
CCn1cc[n+](C)c1,2.526339277389844,EC10,GRO,CCn1cc[n+](C)c1,-0.101216555,0.7921063,,,0,0,CN(C)C(=O)C(c1ccccc1)c1ccccc1,0.91165495,0.49194095
CCCCCCS(=O)(=O)O,2.526339277389844,EC10,GRO,CCCCCCS(=O)(=O)O,0.38976026,2.4533541,,,0,0,CCCCCCOC(C)=O,0.824229,0.4329856
NC(=O)N1c2ccccc2C(O)C(O)c2ccccc21,2.526339277389844,EC10,GRO,NC(=O)N1c2ccccc2C(O)C(O)c2ccccc21,0.20416024,1.6001483,,,0,0,O=C1N(CO)C2C(N1CO)N(CO)C(=O)N2CO,0.908767,0.46749055
NC(=O)N1c2ccccc2CC(O)c2ccccc21,2.526339277389844,EC10,GRO,NC(=O)N1c2ccccc2CC(O)c2ccccc21,0.14248997,1.3883213,,,0,0,CC1(C)Nc2cccc3cccc(c23)N1,0.7899169,0.43383017
c1ccc2n[nH]nc2c1,2.526339277389844,EC10,GRO,c1ccc2n[nH]nc2c1,0.7546052,5.68336,,,1,0,c1ccc2n[nH]nc2c1,0.9999999,0.44619006
c1ccc2sc(N3CCOCC3)nc2c1,2.526339277389844,EC10,GRO,c1ccc2sc(N3CCOCC3)nc2c1,-0.33260414,0.46493888,,,0,0,c1ccc2sc(SN3CCOCC3)nc2c1,0.9740143,0.45108855
CC1(C)CC(=O)CC(C)(C)N1,2.526339277389844,EC10,GRO,CC1(C)CC(=O)CC(C)(C)N1,1.1484337,14.074523,,,0,0,CN(C)CCCNCCCN,0.9856142,0.44077808
CC1(C)CC(O)CC(C)(C)N1,2.526339277389844,EC10,GRO,CC1(C)CC(O)CC(C)(C)N1,1.9446484,88.033585,,,1,0,CC1(C)CC(O)CC(C)(C)N1,1.0,0.37911242
C[N+](C)(C)CC1CO1,2.526339277389844,EC10,GRO,C[N+](C)(C)CC1CO1,2.1261563,133.70767,,,0,0,C#CC1(O)CCCCC1,0.9816445,0.35695246
O=C(O)c1ccc(Cl)cc1Cl,2.526339277389844,EC10,GRO,O=C(O)c1ccc(Cl)cc1Cl,1.3591535,22.864067,,,0,0,O=C(O)COc1ccc(Cl)cc1Cl,0.9838768,0.41699997
Oc1ccc(Cl)cc1Cl,2.526339277389844,EC10,GRO,Oc1ccc(Cl)cc1Cl,-0.4584422,0.34798282,,,1,1,Oc1ccc(Cl)cc1Cl,1.0000004,0.49117345
O=C(O)COc1ccc(Cl)cc1Cl,2.526339277389844,EC10,GRO,O=C(O)COc1ccc(Cl)cc1Cl,1.5513054,35.58815,,,1,1,O=C(O)COc1ccc(Cl)cc1Cl,1.0000002,0.41451994
O=[N+]([O-])c1ccc(O)c([N+](=O)[O-])c1,2.526339277389844,EC10,GRO,O=[N+]([O-])c1ccc(O)c([N+](=O)[O-])c1,0.64878875,4.4543953,,,1,1,O=[N+]([O-])c1ccc(O)c([N+](=O)[O-])c1,0.9999999,0.3636084
NC(=O)c1c(Cl)cccc1Cl,2.526339277389844,EC10,GRO,NC(=O)c1c(Cl)cccc1Cl,2.179372,151.13744,,,0,0,NC(=O)c1c(Cl)cccc1Cl,0.9999999,0.3422818
COCCOCCOCCO,2.526339277389844,EC10,GRO,COCCOCCOCCO,0.13170472,1.3542683,,,0,0,CCCCCCCCCCCCCCO,0.9851399,0.46620822
OCCc1ccccn1,2.526339277389844,EC10,GRO,OCCc1ccccn1,2.3921154,246.66945,,,0,0,CN1CCOCC1,0.9725991,0.28015974
CSc1nc2ccccc2s1,2.526339277389844,EC10,GRO,CSc1nc2ccccc2s1,-0.21335286,0.61185306,,,0,0,CSc1nc2ccccc2s1,1.0000001,0.5051143
Cn1c(N)nc2ncc(-c3ccccc3)cc21,2.526339277389844,EC10,GRO,Cn1c(N)nc2ncc(-c3ccccc3)cc21,-0.66211045,0.2177156,,,0,0,c1ccc2[nH]c(-c3cscn3)nc2c1,0.7982347,0.44500706
Nc1nc2ccccc2[nH]1,2.526339277389844,EC10,GRO,Nc1nc2ccccc2[nH]1,0.17718132,1.5037698,,,0,0,Clc1nc2ccccc2s1,0.6896988,0.2897797
O=S(=O)(O)c1nc2ccccc2s1,2.526339277389844,EC10,GRO,O=S(=O)(O)c1nc2ccccc2s1,2.2500863,177.86328,,,0,0,O=S(=O)(O)c1ccc2ccccc2c1,0.97480273,0.3478845
CCNc1nc(NC(C)C)[nH]c(=O)n1,2.526339277389844,EC10,GRO,CCNc1nc(NC(C)C)[nH]c(=O)n1,-0.0762299,0.8390157,,,0,0,CCNc1nc(NC(C)CC)nc(OC)n1,0.9262059,0.49744853
Oc1nc2ccccc2s1,2.526339277389844,EC10,GRO,Oc1nc2ccccc2s1,-0.254931,0.5559926,,,0,0,Clc1nc2ccccc2s1,0.97144663,0.48524418
NC(=O)N1c2ccccc2C=Cc2cc(O)ccc21,2.526339277389844,EC10,GRO,NC(=O)N1c2ccccc2C=Cc2cc(O)ccc21,-0.03490511,0.922773,,,0,0,NC(=O)N1c2ccccc2C=Cc2ccccc21,0.75555265,0.3324628
CC(C)(C)Nc1nc(N)nc(O)n1,2.526339277389844,EC10,GRO,CC(C)(C)Nc1nc(N)nc(O)n1,-2.0699868,0.008511638,,,0,0,O=[Se](=O)([O-])[O-].[K+].[K+],0.68560994,0.33063594
O=c1ccc2ccccc2[nH]1,2.526339277389844,EC10,GRO,O=c1ccc2ccccc2[nH]1,0.73165643,5.39084,,,0,0,Cc1cccc2[nH]c(=S)[nH]c12,0.9097948,0.47530442
Cc1cc(=O)[nH]c(C(C)C)n1,2.526339277389844,EC10,GRO,Cc1cc(=O)[nH]c(C(C)C)n1,0.47984686,3.018887,,,0,0,Cc1cc(C)n(CO)n1,0.94966555,0.45705476
CC(C)c1ccc2sc3ccccc3c(=O)c2c1,2.526339277389844,EC10,GRO,CC(C)c1ccc2sc3ccccc3c(=O)c2c1,-1.4937704,0.032079652,,,0,0,Cc1ccc(OC(=O)c2ccc(Cl)cc2)cc1,0.74863493,0.03406214
Cc1nc2ccccc2s1,2.526339277389844,EC10,GRO,Cc1nc2ccccc2s1,-0.17442752,0.6692255,,,0,0,Clc1nc2ccccc2s1,0.9747095,0.502555
O=S(=O)(O)c1ccc2ccccc2c1,2.526339277389844,EC10,GRO,O=S(=O)(O)c1ccc2ccccc2c1,2.1862106,153.53615,,,1,0,O=S(=O)(O)c1ccc2ccccc2c1,1.0000001,0.35127804
O=S(=O)(O)c1cccc2ccc(O)cc12,2.526339277389844,EC10,GRO,O=S(=O)(O)c1cccc2ccc(O)cc12,1.624219,42.09388,,,0,0,O=S(=O)(O)c1ccc2ccccc2c1,0.8995601,0.39682698
CCCCCCCCn1sccc1=O,2.526339277389844,EC10,GRO,CCCCCCCCn1sccc1=O,-1.5393938,0.0288806,,,1,0,CCCCCCCCn1sccc1=O,1.0000002,0.12553813
Oc1nc(Cl)c(Cl)cc1Cl,2.526339277389844,EC10,GRO,Oc1nc(Cl)c(Cl)cc1Cl,-0.5968882,0.25299492,,,0,0,COc1nc(Cl)c(Cl)cc1Cl,0.9514879,0.38899797
CN(C)C(=O)NC1CCCCC1,2.526339277389844,EC10,GRO,CN(C)C(=O)NC1CCCCC1,-0.20953193,0.61725986,,,0,0,CN(C)C(=O)Nc1ccccc1,0.97514343,0.48863673
CC(=O)Nc1ccc(N)cc1,2.526339277389844,EC10,GRO,CC(=O)Nc1ccc(N)cc1,1.2839477,19.228601,,,0,0,CCc1ccc(N)cc1,0.94665605,0.47301885
Cc1cc(Cc2ccc(N)c(C)c2)ccc1N,2.526339277389844,EC10,GRO,Cc1cc(Cc2ccc(N)c(C)c2)ccc1N,2.4270396,267.32504,,,1,0,Cc1cc(Cc2ccc(N)c(C)c2)ccc1N,0.99999994,0.27571884
CN(C)c1cc[nH+]cc1,2.526339277389844,EC10,GRO,CN(C)c1cc[nH+]cc1,0.12064196,1.3202069,,,0,0,CN(C)CCCNCCCN(C)C,0.968109,0.48264632
Cc1c(N)c(=O)n(-c2ccccc2)n1C,2.526339277389844,EC10,GRO,Cc1c(N)c(=O)n(-c2ccccc2)n1C,-1.3984871,0.03994964,,,0,0,Cn1c(=O)c2c(ncn2C)n(C)c1=O,0.94191027,0.46437156
NC(=O)c1ccc(N)cc1,2.526339277389844,EC10,GRO,NC(=O)c1ccc(N)cc1,1.7390503,54.834045,,,0,0,NC(=O)c1ccc([N+](=O)[O-])cc1,0.97589606,0.41445887
O=C(O)CCC(=O)c1ccc(F)cc1,2.526339277389844,EC10,GRO,O=C(O)CCC(=O)c1ccc(F)cc1,1.586048,38.552097,,,0,0,COc1ccc(C=O)cc1,0.94297135,0.43377805
Cc1c(C=O)c(=O)n(-c2ccccc2)n1C,2.526339277389844,EC10,GRO,Cc1c(C=O)c(=O)n(-c2ccccc2)n1C,-0.9402365,0.11475285,,,0,0,CC(C1CC1)C(O)(Cn1cncn1)c1ccc(Cl)cc1,0.9074162,0.4700791
Oc1cccc2[nH]nnc12,2.526339277389844,EC10,GRO,Oc1cccc2[nH]nnc12,-0.33658868,0.4606927,,,0,0,Oc1cccc(Cl)c1,0.89170337,0.4944663
O=c1cc[nH]c2ccccc12,2.526339277389844,EC10,GRO,O=c1cc[nH]c2ccccc12,0.28404656,1.9232979,,,0,0,O=c1nc[nH]c2ccccc12,0.96235466,0.49126604
CC/C(=C(\c1ccc(O)cc1)c1ccc(OCCN(C)C)cc1)c1ccccc1,2.526339277389844,EC10,GRO,CC/C(=C(\c1ccc(O)cc1)c1ccc(OCCN(C)C)cc1)c1ccccc1,-0.39233977,0.40519142,,,0,0,CC/C(=C(\c1ccc(O)cc1)c1ccc(OCCN(C)C)cc1)c1ccccc1,1.0000002,0.18885297
Cc1ccc(/C=C2/C(=O)C3(C)CCC2C3(C)C)cc1,2.526339277389844,EC10,GRO,Cc1ccc(/C=C2/C(=O)C3(C)CCC2C3(C)C)cc1,-0.45805627,0.3482922,,,0,0,CC1C(C)(C)C2=C(C(=O)CCC2)C1(C)C,0.7679566,0.31083456
COc1cc([N+](=O)[O-])ccc1O,2.526339277389844,EC10,GRO,COc1cc([N+](=O)[O-])ccc1O,1.7064829,50.87248,,,0,0,COc1cc(C=O)cc(Br)c1O,0.94277173,0.34408513
O=[N+]([O-])c1cc[n+]([O-])c2ccccc12,2.526339277389844,EC10,GRO,O=[N+]([O-])c1cc[n+]([O-])c2ccccc12,-0.17246322,0.6722593,,,1,0,O=[N+]([O-])c1cc[n+]([O-])c2ccccc12,1.0,0.10261782
Clc1ccc2n[nH]nc2c1,2.526339277389844,EC10,GRO,Clc1ccc2n[nH]nc2c1,0.12633225,1.3376185,,,0,0,Cc1ccc2n[nH]nc2c1,0.83099407,0.45889363
Cc1ccc2n[nH]nc2c1,2.526339277389844,EC10,GRO,Cc1ccc2n[nH]nc2c1,0.14490734,1.3960705,,,1,0,Cc1ccc2n[nH]nc2c1,0.99999976,0.5326282
O=S(=O)(O)CCC(F)(F)C(F)(F)C(F)(F)C(F)(F)C(F)(F)C(F)(F)F,2.526339277389844,EC10,GRO,O=S(=O)(O)CCC(F)(F)C(F)(F)C(F)(F)C(F)(F)C(F)(F)C(F)(F)F,1.7610995,57.689857,,,1,0,O=S(=O)(O)CCC(F)(F)C(F)(F)C(F)(F)C(F)(F)C(F)(F)C(F)(F)F,1.0000001,0.38906458
CCNc1ccc2c(C)cc(=O)oc2c1,2.526339277389844,EC10,GRO,CCNc1ccc2c(C)cc(=O)oc2c1,-1.1473475,0.071228296,,,0,0,CCN(CC)c1ccc2c(C)cc(=O)oc2c1,0.79487985,0.41717494
Cc1cc(=O)oc2cc(N)ccc12,2.526339277389844,EC10,GRO,Cc1cc(=O)oc2cc(N)ccc12,-0.91202384,0.1224549,,,0,0,Cc1cccc2sc3nncn3c12,0.70365775,0.37855414
CCN(CC)c1ccc2c(C)cc(=O)oc2c1,2.526339277389844,EC10,GRO,CCN(CC)c1ccc2c(C)cc(=O)oc2c1,-0.7863737,0.16354088,,,1,0,CCN(CC)c1ccc2c(C)cc(=O)oc2c1,0.9999998,0.34825155
CC1=CC(=O)NS(=O)(=O)O1,2.526339277389844,EC10,GRO,CC1=CC(=O)NS(=O)(=O)O1,1.2586063,18.138706,,,0,0,ClCCl,0.97880924,0.42898694
CC(=O)Nc1ccc(O)cc1,2.526339277389844,EC10,GRO,CC(=O)Nc1ccc(O)cc1,0.59444827,3.9305043,,,1,1,CC(=O)Nc1ccc(O)cc1,1.0,0.35681695
CC(=NC#N)N(C)Cc1ccc(Cl)nc1,2.526339277389844,EC10,GRO,CC(=NC#N)N(C)Cc1ccc(Cl)nc1,1.8141918,65.19163,,,1,0,CC(=NC#N)N(C)Cc1ccc(Cl)nc1,1.0,0.3321285
CC(=O)Nc1ccc(S(=O)(=O)Nc2cc(C)on2)cc1,2.526339277389844,EC10,GRO,CC(=O)Nc1ccc(S(=O)(=O)Nc2cc(C)on2)cc1,-0.06331578,0.86433923,,,0,0,COc1ccc(Cl)cc1C(=O)NCCc1ccc(S(=O)(=O)NC(=O)NC2CCCCC2)cc1,0.91579646,0.47999376
O=c1c2ccccc2[nH]c2ccccc12,2.526339277389844,EC10,GRO,O=c1c2ccccc2[nH]c2ccccc12,-0.3843464,0.41271818,,,0,0,O=c1[nH]cc(Cl)c(=O)[nH]1,0.87601525,0.47623748
Nc1nc2c(ncn2COCCO)c(=O)[nH]1,2.526339277389844,EC10,GRO,Nc1nc2c(ncn2COCCO)c(=O)[nH]1,0.95095104,8.932048,,,0,0,[Cl]|[Sn](|[Cl])(|[Cl])c1ccccc1,0.91643685,0.4586108
CCCSc1ccc2nc(NC(=O)OC)[nH]c2c1,2.526339277389844,EC10,GRO,CCCSc1ccc2nc(NC(=O)OC)[nH]c2c1,-0.267487,0.54014826,,,0,0,CCNc1nc(NC(C)C(C)C)nc(SC)n1,0.84015405,0.43414658
NC12CC3CC(CC(C3)C1)C2,2.526339277389844,EC10,GRO,NC12CC3CC(CC(C3)C1)C2,0.8958393,7.8675456,,,0,0,NC12CC3CC(CC(C3)C1)C2,0.9999999,0.39068815
CCNc1nc(NC(C)C)nc(SC)n1,2.526339277389844,EC10,GRO,CCNc1nc(NC(C)C)nc(SC)n1,-0.06709327,0.85685384,,,1,0,CCNc1nc(NC(C)C)nc(SC)n1,0.9999998,0.48449904
CCCCCCCCCCCCCC(=O)NCCC[N+](C)(C)CCCS(=O)(=O)[O-],2.526339277389844,EC10,GRO,CCCCCCCCCCCCCC(=O)NCCC[N+](C)(C)CCCS(=O)(=O)[O-],-0.35639888,0.4401504,,,0,0,CCCCCCCCCCCCCC[N+](C)(C)[O-],0.7041464,0.29391077
CCN1CCCC1CNC(=O)c1cc(S(=O)(=O)CC)c(N)cc1OC,2.526339277389844,EC10,GRO,CCN1CCCC1CNC(=O)c1cc(S(=O)(=O)CC)c(N)cc1OC,1.9867576,96.99686,,,0,0,Cc1ccc(NC(=O)N(C)C)cc1NC(=O)N(C)C,0.8712789,0.372167
CN(C)CCC=C1c2ccccc2CCc2ccccc21,2.526339277389844,EC10,GRO,CN(C)CCC=C1c2ccccc2CCc2ccccc21,-4.7402296,1.818739e-05,,,0,0,CN(C)CCC=C1c2ccccc2CCc2ccccc21.[Cl-].[H+],0.96547043,0.27477622
C[C@H](N)Cc1ccccc1,2.526339277389844,EC10,GRO,C[C@H](N)Cc1ccccc1,0.7533113,5.666453,,,0,0,Cc1ccc(C)o1,0.94236374,0.4585039
CC(C)(C#N)c1cc(Cn2cncn2)cc(C(C)(C)C#N)c1,2.526339277389844,EC10,GRO,CC(C)(C#N)c1cc(Cn2cncn2)cc(C(C)(C)C#N)c1,-0.3661875,0.43034077,,,0,0,FC(F)C(F)(F)OCC(Cn1cncn1)c1ccc(Cl)cc1Cl,0.8322931,0.35158876
CC(C)NCC(O)COc1ccc(CC(N)=O)cc1,2.526339277389844,EC10,GRO,CC(C)NCC(O)COc1ccc(CC(N)=O)cc1,0.92790157,8.470354,,,1,1,CC(C)NCC(O)COc1ccc(CC(N)=O)cc1,0.99999976,0.26469278
CC(C)c1c(C(=O)Nc2ccccc2)c(-c2ccccc2)c(-c2ccc(F)cc2)n1CC[C@@H](O)C[C@@H](O)CC(=O)O,2.526339277389844,EC10,GRO,CC(C)c1c(C(=O)Nc2ccccc2)c(-c2ccccc2)c(-c2ccc(F)cc2)n1CC[C@@H](O)C[C@@H](O)CC(=O)O,0.9397766,8.705156,,,0,0,Nc1c(S(=O)(=O)[O-])cc(Nc2cccc(S(=O)(=O)CCOS(=O)(=O)[O-])c2)c2c1C(=O)c1ccccc1C2=O.[Na+].[Na+],0.8619132,0.41449586
CCNc1nc(Cl)nc(NC(C)C)n1,2.526339277389844,EC10,GRO,CCNc1nc(Cl)nc(NC(C)C)n1,-1.3023214,0.049851537,,,1,1,CCNc1nc(Cl)nc(NC(C)C)n1,1.0000001,0.49517155
O=C(O)CCCCCCCC(=O)O,2.526339277389844,EC10,GRO,O=C(O)CCCCCCCC(=O)O,1.7204899,52.539974,,,0,0,O=C(O)CCCC(=O)O,0.98472285,0.41313806
CC[C@H]1OC(=O)[C@H](C)[C@@H](O[C@H]2C[C@@](C)(OC)[C@@H](O)[C@H](C)O2)C(C)[C@@H](O[C@@H]2O[C@H](C)C[C@H](N(C)C)[C@H]2O)[C@](C)(O)C[C@@H](C)CN(C)[C@H](C)[C@@H](O)[C@]1(C)O,2.526339277389844,EC10,GRO,CC[C@H]1OC(=O)[C@H](C)[C@@H](O[C@H]2C[C@@](C)(OC)[C@@H](O)[C@H](C)O2)C(C)[C@@H](O[C@@H]2O[C@H](C)C[C@H](N(C)C)[C@H]2O)[C@](C)(O)C[C@@H](C)CN(C)[C@H](C)[C@@H](O)[C@]1(C)O,2.0883126,122.549805,,,0,0,CC[C@H]1OC(=O)[C@H](C)[C@@H](O[C@H]2C[C@@](C)(OC)[C@@H](O)[C@H](C)O2)[C@H](C)[C@@H](O[C@@H]2O[C@H](C)C[C@H](N(C)C)[C@H]2O)[C@](C)(O)C[C@@H](C)C(=O)[C@H](C)[C@@H](O)[C@]1(C)O,0.9947281,0.32826132
CO/C=C(/C(=O)OC)c1ccccc1Oc1cc(Oc2ccccc2C#N)ncn1,2.526339277389844,EC10,GRO,CO/C=C(/C(=O)OC)c1ccccc1Oc1cc(Oc2ccccc2C#N)ncn1,-0.63177234,0.23346816,,,1,1,CO/C=C(/C(=O)OC)c1ccccc1Oc1cc(Oc2ccccc2C#N)ncn1,1.0000004,0.31914127
CO/C=C(/C(=O)O)c1ccccc1Oc1cc(Oc2ccccc2C#N)ncn1,2.526339277389844,EC10,GRO,CO/C=C(/C(=O)O)c1ccccc1Oc1cc(Oc2ccccc2C#N)ncn1,-0.69459677,0.20202412,,,0,0,CO/C=C(/C(=O)OC)c1ccccc1Oc1cc(Oc2ccccc2C#N)ncn1,0.8929322,0.2530538
COC(=O)C(C)N(C(=O)Cc1ccccc1)c1c(C)cccc1C,2.526339277389844,EC10,GRO,COC(=O)C(C)N(C(=O)Cc1ccccc1)c1c(C)cccc1C,-0.8890136,0.12911789,,,0,0,COc1cccc(C(=O)NN(C(=O)c2cc(C)cc(C)c2)C(C)(C)C)c1C,0.86958516,0.43151447
CNC(=O)Oc1cccc2c1OC(C)(C)O2,2.526339277389844,EC10,GRO,CNC(=O)Oc1cccc2c1OC(C)(C)O2,-0.79354715,0.16086176,,,0,0,CNC(=O)Oc1cccc2c1OC(C)(C)O2,0.9999999,0.35772637
CC(C)N1C(=O)c2ccccc2NS1(=O)=O,2.526339277389844,EC10,GRO,CC(C)N1C(=O)c2ccccc2NS1(=O)=O,0.95497596,9.015212,,,1,0,CC(C)N1C(=O)c2ccccc2NS1(=O)=O,1.0000005,0.47059205
O=S(=O)(O)c1ccccc1,2.526339277389844,EC10,GRO,O=S(=O)(O)c1ccccc1,1.9259435,84.32251,,,0,0,O=S(=O)(O)c1ccc2ccccc2c1,0.95170504,0.35630473
Nc1ccc(-c2ccc(N)cc2)cc1,2.526339277389844,EC10,GRO,Nc1ccc(-c2ccc(N)cc2)cc1,-0.257196,0.5531004,,,0,0,Nc1ccc(-c2ccc(N)cc2)cc1,1.0000002,0.49371314
c1ccc2[nH]cnc2c1,2.526339277389844,EC10,GRO,c1ccc2[nH]cnc2c1,-0.17436452,0.6693226,,,1,0,c1ccc2[nH]cnc2c1,1.0000005,0.4529598
CCOC(=O)c1ccc(N)cc1,2.526339277389844,EC10,GRO,CCOC(=O)c1ccc(N)cc1,1.3072628,20.289099,,,0,0,CCOC(=O)c1ccc(N)cc1,1.0000001,0.4543157
COc1ccc(C(=O)c2ccccc2)c(O)c1,2.526339277389844,EC10,GRO,COc1ccc(C(=O)c2ccccc2)c(O)c1,-0.91373205,0.12197419,,,1,1,COc1ccc(C(=O)c2ccccc2)c(O)c1,1.0,0.48166844
COc1cc(O)c(C(=O)c2ccccc2)cc1S(=O)(=O)O,2.526339277389844,EC10,GRO,COc1cc(O)c(C(=O)c2ccccc2)cc1S(=O)(=O)O,0.6601467,4.5724263,,,0,0,COc1cc(O)c(C(=O)c2ccccc2)cc1S(=O)(=O)[O-].[Na+],0.9688784,0.46578753
c1ccc2scnc2c1,2.526339277389844,EC10,GRO,c1ccc2scnc2c1,0.7332096,5.410154,,,0,0,c1ccc2scnc2c1,1.0000002,0.5099892
CN1C2CCC1C(C(=O)O)C(OC(=O)c1ccccc1)C2,2.526339277389844,EC10,GRO,CN1C2CCC1C(C(=O)O)C(OC(=O)c1ccccc1)C2,-0.84137404,0.14408737,,,0,0,CN(C)C(=O)NC1CC2CC1C1CCCC21,0.82821405,0.44919425
CCCCCCCCCCCC[N+](C)(C)Cc1ccccc1,2.526339277389844,EC10,GRO,CCCCCCCCCCCC[N+](C)(C)Cc1ccccc1,-0.67611617,0.21080643,,,0,0,CCCCCCCCCCCCCC[N+](C)(C)Cc1ccccc1.[Cl-],0.88769853,0.32614392
CC(C)(Oc1ccc(CCNC(=O)c2ccc(Cl)cc2)cc1)C(=O)O,2.526339277389844,EC10,GRO,CC(C)(Oc1ccc(CCNC(=O)c2ccc(Cl)cc2)cc1)C(=O)O,2.040311,109.726395,,,1,1,CC(C)(Oc1ccc(CCNC(=O)c2ccc(Cl)cc2)cc1)C(=O)O,0.9999997,0.34608224
CC(O)(CS(=O)(=O)c1ccc(F)cc1)C(=O)Nc1ccc(C#N)c(C(F)(F)F)c1,2.526339277389844,EC10,GRO,CC(O)(CS(=O)(=O)c1ccc(F)cc1)C(=O)Nc1ccc(C#N)c(C(F)(F)F)c1,-1.0117239,0.09733659,,,1,1,CC(O)(CS(=O)(=O)c1ccc(F)cc1)C(=O)Nc1ccc(C#N)c(C(F)(F)F)c1,0.9999999,0.2235158
O=C(O)c1cc(Oc2ccc(Cl)cc2Cl)ccc1[N+](=O)[O-],2.526339277389844,EC10,GRO,O=C(O)c1cc(Oc2ccc(Cl)cc2Cl)ccc1[N+](=O)[O-],1.1470621,14.030142,,,0,0,O=C(O)c1c(Cl)ccc2cc(Cl)cnc12,0.9833151,0.43492997
CC(C)NCC(O)COc1ccc(COCCOC(C)C)cc1,2.526339277389844,EC10,GRO,CC(C)NCC(O)COc1ccc(COCCOC(C)C)cc1,-0.60122913,0.25047874,,,0,0,CC(=O)OCC(CCI)COC(C)=O,0.7787941,0.4149448
O=S(=O)(c1ccc(O)cc1)c1ccc(O)cc1,2.526339277389844,EC10,GRO,O=S(=O)(c1ccc(O)cc1)c1ccc(O)cc1,-2.418486,0.00381517,,,1,1,O=S(=O)(c1ccc(O)cc1)c1ccc(O)cc1,0.99999964,0.35781273
O=C(Nc1ccccc1-c1ccc(Cl)cc1)c1cccnc1Cl,2.526339277389844,EC10,GRO,O=C(Nc1ccccc1-c1ccc(Cl)cc1)c1cccnc1Cl,0.2837298,1.9218956,,,1,0,O=C(Nc1ccccc1-c1ccc(Cl)cc1)c1cccnc1Cl,0.99999976,0.33143792
CCCCc1c(C)nc(NCC)nc1OS(=O)(=O)N(C)C,2.526339277389844,EC10,GRO,CCCCc1c(C)nc(NCC)nc1OS(=O)(=O)N(C)C,1.0270683,10.643104,,,0,0,CCCCc1c(C)[nH]c(N(C)C)nc1=O,0.9250899,0.51251554
Cn1c(=O)c2c(ncn2C)n(C)c1=O,2.526339277389844,EC10,GRO,Cn1c(=O)c2c(ncn2C)n(C)c1=O,-2.049252,0.0089278715,,,1,1,Cn1c(=O)c2c(ncn2C)n(C)c1=O,1.0,0.43361634
CCOc1nc2cccc(C(=O)O)c2n1Cc1ccc(-c2ccccc2-c2nn[nH]n2)cc1,2.526339277389844,EC10,GRO,CCOc1nc2cccc(C(=O)O)c2n1Cc1ccc(-c2ccccc2-c2nn[nH]n2)cc1,0.93509567,8.611834,,,0,0,c1ccc2c(c1)-c1nc3nc(nc4[nH]c(nc5[nH]c(nc-2n1)c1ccccc51)c1ccccc41)-c1ccccc1-3,0.90296113,0.447272
CCCCCOC(=O)Nc1nc(=O)n([C@@H]2O[C@H](C)[C@@H](O)[C@H]2O)cc1F,2.526339277389844,EC10,GRO,CCCCCOC(=O)Nc1nc(=O)n([C@@H]2O[C@H](C)[C@@H](O)[C@H]2O)cc1F,0.93812436,8.672101,,,0,0,O=C(NC(=O)c1c(F)cccc1F)Nc1ccc(Oc2ccc(C(F)(F)F)cc2Cl)cc1F,0.8333538,0.42131338
NC(=O)N1c2ccccc2C=Cc2ccccc21,2.526339277389844,EC10,GRO,NC(=O)N1c2ccccc2C=Cc2ccccc21,0.28654966,1.934415,,,1,1,NC(=O)N1c2ccccc2C=Cc2ccccc21,0.99999976,0.43096313
COC(=O)Nc1nc2ccccc2[nH]1,2.526339277389844,EC10,GRO,COC(=O)Nc1nc2ccccc2[nH]1,-0.20732278,0.62040776,,,1,1,COC(=O)Nc1nc2ccccc2[nH]1,0.9999996,0.21167879
CCNC(=O)[C@H](C)OC(=O)Nc1ccccc1,2.526339277389844,EC10,GRO,CCNC(=O)[C@H](C)OC(=O)Nc1ccccc1,1.8328512,68.053604,,,1,0,CCNC(=O)[C@H](C)OC(=O)Nc1ccccc1,0.9999998,0.4109287
Cc1ccc(-c2cc(C(F)(F)F)nn2-c2ccc(S(N)(=O)=O)cc2)cc1,2.526339277389844,EC10,GRO,Cc1ccc(-c2cc(C(F)(F)F)nn2-c2ccc(S(N)(=O)=O)cc2)cc1,0.39175755,2.464663,,,1,0,Cc1ccc(-c2cc(C(F)(F)F)nn2-c2ccc(S(N)(=O)=O)cc2)cc1,0.99999994,0.4496256
O=C(O)COCCN1CCN(C(c2ccccc2)c2ccc(Cl)cc2)CC1,2.526339277389844,EC10,GRO,O=C(O)COCCN1CCN(C(c2ccccc2)c2ccc(Cl)cc2)CC1,-0.2239309,0.5971303,,,0,0,O=C1CCN(c2ccccc2)N1,0.7146853,0.39145163
C[C@H](CCC(=O)O)[C@H]1CC[C@H]2[C@@H]3[C@@H](O)C[C@@H]4C[C@H](O)CC[C@]4(C)[C@H]3CC[C@]12C,2.526339277389844,EC10,GRO,C[C@H](CCC(=O)O)[C@H]1CC[C@H]2[C@@H]3[C@@H](O)C[C@@H]4C[C@H](O)CC[C@]4(C)[C@H]3CC[C@@]21C,1.8203998,66.13019,,,1,0,C[C@H](CCC(=O)O)[C@H]1CC[C@H]2[C@@H]3[C@@H](O)C[C@@H]4C[C@H](O)CC[C@]4(C)[C@H]3CC[C@@]21C,1.0000002,0.31281576
O=C(NC(CO)C(O)c1ccc([N+](=O)[O-])cc1)C(Cl)Cl,2.526339277389844,EC10,GRO,O=C(NC(CO)C(O)c1ccc([N+](=O)[O-])cc1)C(Cl)Cl,-0.59008354,0.25699013,,,0,0,CC(C1CC1)C(O)(Cn1cncn1)c1ccc(Cl)cc1,0.8848342,0.46897167
Nc1cnn(-c2ccccc2)c(=O)c1Cl,2.526339277389844,EC10,GRO,Nc1cnn(-c2ccccc2)c(=O)c1Cl,-0.22696933,0.59296715,,,1,0,Nc1cnn(-c2ccccc2)c(=O)c1Cl,1.0,0.5026259
C[N+](C)(C)CCCl,2.526339277389844,EC10,GRO,C[N+](C)(C)CCCl,2.2263267,168.39404,,,0,0,C[N+](C)(C)C.[Cl-],0.9798964,0.35513404
N#Cc1c(O)c(Cl)c(Cl)c(C#N)c1Cl,2.526339277389844,EC10,GRO,N#Cc1c(O)c(Cl)c(Cl)c(C#N)c1Cl,0.27859282,1.8992968,,,1,1,N#Cc1c(O)c(Cl)c(Cl)c(C#N)c1Cl,1.0000002,0.34298697
Cc1ccc(NC(=O)N(C)C)cc1Cl,2.526339277389844,EC10,GRO,Cc1ccc(NC(=O)N(C)C)cc1Cl,0.097840935,1.2526822,,,1,0,Cc1ccc(NC(=O)N(C)C)cc1Cl,0.9999999,0.48863035
C[C@H](CCC(=O)O)[C@H]1CC[C@H]2[C@@H]3[C@H](O)C[C@@H]4C[C@H](O)CC[C@]4(C)[C@H]3C[C@H](O)[C@]12C,2.526339277389844,EC10,GRO,C[C@H](CCC(=O)O)[C@H]1CC[C@H]2[C@H]3[C@H](C[C@H](O)[C@@]21C)[C@@]1(C)CC[C@@H](O)C[C@H]1C[C@H]3O,1.8047343,63.78732,,,0,0,C[C@H](CCC(=O)O)[C@H]1CC[C@H]2[C@@H]3[C@@H](O)C[C@@H]4C[C@H](O)CC[C@]4(C)[C@H]3CC[C@@]21C,0.98259366,0.3339166
CN=C(NC#N)NCCSCc1nc[nH]c1C,2.526339277389844,EC10,GRO,CN=C(NC#N)NCCSCc1nc[nH]c1C,0.05848203,1.1441475,,,0,0,CNC(=O)O/N=C1/C2CC(C[C@@H]2C#N)[C@@H]1Cl,0.68375266,0.37829572
CN(C)CCCC1(c2ccc(F)cc2)OCc2cc(C#N)ccc21,2.526339277389844,EC10,GRO,CN(C)CCCC1(c2ccc(F)cc2)OCc2cc(C#N)ccc21,-3.0005515,0.000998731,,,1,0,CN(C)CCCC1(c2ccc(F)cc2)OCc2cc(C#N)ccc21,1.0000002,-0.025477642
CC[C@H]1OC(=O)[C@H](C)[C@@H](O[C@H]2C[C@@](C)(OC)[C@@H](O)[C@H](C)O2)[C@H](C)[C@@H](O[C@@H]2O[C@H](C)C[C@H](N(C)C)[C@H]2O)[C@](C)(OC)C[C@@H](C)C(=O)[C@H](C)[C@@H](O)[C@]1(C)O,2.526339277389844,EC10,GRO,CC[C@H]1OC(=O)[C@H](C)[C@@H](O[C@H]2C[C@@](C)(OC)[C@@H](O)[C@H](C)O2)[C@H](C)[C@@H](O[C@@H]2O[C@H](C)C[C@H](N(C)C)[C@H]2O)[C@](C)(OC)C[C@@H](C)C(=O)[C@H](C)[C@@H](O)[C@]1(C)O,2.1422048,138.74098,,,0,0,CC[C@H]1OC(=O)[C@H](C)[C@@H](O[C@H]2C[C@@](C)(OC)[C@@H](O)[C@H](C)O2)[C@H](C)[C@@H](O[C@@H]2O[C@H](C)C[C@H](N(C)C)[C@H]2O)[C@](C)(O)C[C@@H](C)C(=O)[C@H](C)[C@@H](O)[C@]1(C)O,0.99999994,0.31443885
CC(C)(C)C(=O)C(Oc1ccc(Cl)cc1)n1ccnc1,2.526339277389844,EC10,GRO,CC(C)(C)C(=O)C(Oc1ccc(Cl)cc1)n1ccnc1,-1.6888691,0.020470615,,,1,0,CC(C)(C)C(=O)C(Oc1ccc(Cl)cc1)n1ccnc1,1.0,0.4701353
CCOC(=O)C(C)(C)Oc1ccc(Cl)cc1,2.526339277389844,EC10,GRO,CCOC(=O)C(C)(C)Oc1ccc(Cl)cc1,-0.7047806,0.19734195,,,1,1,CCOC(=O)C(C)(C)Oc1ccc(Cl)cc1,0.9999997,0.27734536
CC(C)(Oc1ccc(Cl)cc1)C(=O)O,2.526339277389844,EC10,GRO,CC(C)(Oc1ccc(Cl)cc1)C(=O)O,1.1586744,14.410344,,,1,1,CC(C)(Oc1ccc(Cl)cc1)C(=O)O,0.99999976,0.37899336
CC1(C)CON(Cc2ccccc2Cl)C1=O,2.526339277389844,EC10,GRO,CC1(C)CON(Cc2ccccc2Cl)C1=O,0.24734013,1.7674215,,,1,0,CC1(C)CON(Cc2ccccc2Cl)C1=O,1.0,0.4490894
Clc1cccc(Cl)c1NC1=NCCN1,2.526339277389844,EC10,GRO,Clc1cccc(Cl)c1NC1=NCCN1,0.22968088,1.6969963,,,0,0,C=C(C)C(=O)OCCN(C)C,0.8941167,0.45351002
COC(=O)[C@H](c1ccccc1Cl)N1CCc2sccc2C1,2.526339277389844,EC10,GRO,COC(=O)[C@H](c1ccccc1Cl)N1CCc2sccc2C1,-0.17877911,0.6625534,,,0,0,COC(=O)[C@H]1O[C@H]1c1ccc(OC)cc1,0.73540735,0.41011518
CN=C(NCc1cnc(Cl)s1)N[N+](=O)[O-],2.526339277389844,EC10,GRO,CN=C(NCc1cnc(Cl)s1)N[N+](=O)[O-],1.8328806,68.05822,,,1,0,CN=C(NCc1cnc(Cl)s1)N[N+](=O)[O-],0.9999999,0.3955624
Clc1ccccc1C(c1ccccc1)(c1ccccc1)n1ccnc1,2.526339277389844,EC10,GRO,Clc1ccccc1C(c1ccccc1)(c1ccccc1)n1ccnc1,-0.90277493,0.12509072,,,0,0,c1ccc(C(c2ccccc2)(c2ccccc2)N2CCOCC2)cc1,0.7855912,0.3298127
CN1CCN(C2=Nc3cc(Cl)ccc3Nc3ccccc32)CC1,2.526339277389844,EC10,GRO,CN1CCN(C2=Nc3cc(Cl)ccc3Nc3ccccc32)CC1,-1.4746516,0.033523425,,,0,0,CN1CCN(C2=c3ccccc3=Nc3ccc(Cl)cc3N2)CC1,0.8877769,0.27635852
COC(=O)[C@H]1[C@@H](OC(=O)c2ccccc2)C[C@@H]2CC[C@H]1N2C,2.526339277389844,EC10,GRO,COC(=O)[C@H]1[C@@H](OC(=O)c2ccccc2)C[C@@H]2CC[C@H]1N2C,-0.75222194,0.17692046,,,0,0,COC(=O)N(C(=O)N1CO[C@@]2(C(=O)OC)Cc3cc(Cl)ccc3C2=N1)c1ccc(OC(F)(F)F)cc1,0.7197582,0.22653048
CN1C(=O)CCC1c1cccnc1,2.526339277389844,EC10,GRO,CN1C(=O)CCC1c1cccnc1,-0.6367645,0.23079982,,,0,0,CN(C)C(=O)NC1CC2CC1C1CCCC21,0.9047059,0.49477074
O=c1oc2cc(O)ccc2c2oc3cc(O)ccc3c12,2.526339277389844,EC10,GRO,O=c1oc2cc(O)ccc2c2oc3cc(O)ccc3c12,-2.885653,0.0013012089,,,0,0,CC(C)c1cc(OP(=O)(Oc2ccccc2)Oc2ccccc2)cc(-c2ccccc2)c1,0.72912043,0.09763961
O=S(=O)(O)NC1CCCCC1,2.526339277389844,EC10,GRO,O=S(=O)(O)NC1CCCCC1,2.139776,137.96724,,,0,0,CCOCCCC(C)OCCOCC(C)CO,0.9724642,0.38692623
NC1CCCCC1,2.526339277389844,EC10,GRO,NC1CCCCC1,2.2572594,180.82538,,,1,0,NC1CCCCC1,0.9999997,0.25468794
O=P1(N(CCCl)CCCl)NCCCO1,2.526339277389844,EC10,GRO,O=P1(N(CCCl)CCCl)NCCCO1,-0.9463338,0.113153026,,,0,0,O=P(OC(CCl)CCl)(OC(CCl)CCl)OC(CCl)CCl,0.77907753,0.40791383
CC(C1CC1)C(O)(Cn1cncn1)c1ccc(Cl)cc1,2.526339277389844,EC10,GRO,CC(C1CC1)C(O)(Cn1cncn1)c1ccc(Cl)cc1,-0.7800214,0.1659505,,,1,0,CC(C1CC1)C(O)(Cn1cncn1)c1ccc(Cl)cc1,0.9999995,0.5008339
Cc1cc(C2CC2)nc(Nc2ccccc2)n1,2.526339277389844,EC10,GRO,Cc1cc(C2CC2)nc(Nc2ccccc2)n1,-0.4641719,0.343422,,,1,1,Cc1cc(C2CC2)nc(Nc2ccccc2)n1,1.0000002,0.39426783
Nc1nc(N)nc(NC2CC2)n1,2.526339277389844,EC10,GRO,Nc1nc(N)nc(NC2CC2)n1,2.0341063,108.16986,,,1,0,Nc1nc(N)nc(NC2CC2)n1,1.0000001,0.18313919
CCN(CC)C(=O)c1cccc(C)c1,2.526339277389844,EC10,GRO,CCN(CC)C(=O)c1cccc(C)c1,-4.096037,8.016099e-05,,,1,1,CCN(CC)C(=O)c1cccc(C)c1,1.0000005,0.36223245
CCN(CC)C(=O)c1cccc(C(=O)O)c1,2.526339277389844,EC10,GRO,CCN(CC)C(=O)c1cccc(C(=O)O)c1,-2.617402,0.0024132256,,,0,0,CCN(CC)C(=O)c1cccc(C)c1,0.9019773,0.4084795
O=c1c(-c2ccc(O)cc2)coc2cc(O)ccc12,2.526339277389844,EC10,GRO,O=c1c(-c2ccc(O)cc2)coc2cc(O)ccc12,-2.9298577,0.0011752824,,,1,1,O=c1c(-c2ccc(O)cc2)coc2cc(O)ccc12,1.0000001,-0.06323702
CN(C)NC(=O)CCC(=O)O,2.526339277389844,EC10,GRO,CN(C)NC(=O)CCC(=O)O,1.5216471,33.238934,,,1,0,CN(C)NC(=O)CCC(=O)O,0.99999976,0.43055663
CCCCCCCCCCOS(=O)(=O)O,2.526339277389844,EC10,GRO,CCCCCCCCCCOS(=O)(=O)O,0.8514832,7.1036773,,,0,0,CCCCCCCCC(=O)O,0.9737594,0.47303855
CC[N+](CC)(CC(=O)Nc1c(C)cccc1C)Cc1ccccc1,2.526339277389844,EC10,GRO,CC[N+](CC)(CC(=O)Nc1c(C)cccc1C)Cc1ccccc1,0.41850826,2.621249,,,0,0,O=S(=O)([O-])[O-].OC[P+](CO)(CO)CO.OC[P+](CO)(CO)CO,0.9612271,0.4741389
CCNC(=O)C(C)Oc1cccc2ccccc12,2.526339277389844,EC10,GRO,CCNC(=O)C(C)Oc1cccc2ccccc12,-1.1461214,0.07142966,,,0,0,CN(C)C(=O)Nc1ccc(Oc2ccc(Cl)cc2)cc1,0.8822305,0.46833092
CC(C)Nc1nc(N)nc(Cl)n1,2.526339277389844,EC10,GRO,CC(C)Nc1nc(N)nc(Cl)n1,-0.50008005,0.31616947,,,1,1,CC(C)Nc1nc(N)nc(Cl)n1,0.99999994,0.14795847
CC(C)(C)Nc1nc(N)nc(Cl)n1,2.526339277389844,EC10,GRO,CC(C)(C)Nc1nc(N)nc(Cl)n1,-2.7865334,0.0016348076,,,1,1,CC(C)(C)Nc1nc(N)nc(Cl)n1,0.99999976,-0.022503419
CCNc1nc(N)nc(Cl)n1,2.526339277389844,EC10,GRO,CCNc1nc(N)nc(Cl)n1,-0.49844515,0.31736192,,,1,1,CCNc1nc(N)nc(Cl)n1,0.9999999,0.16637601
Nc1cn[nH]c(=O)c1Cl,2.526339277389844,EC10,GRO,Nc1cn[nH]c(=O)c1Cl,1.2519135,17.86132,,,0,0,CCN(CC)c1nc(=O)cc(C)[nH]1,0.96896553,0.4338602
CCCCOP(=O)(O)OCCCC,2.526339277389844,EC10,GRO,CCCCOP(=O)(O)OCCCC,0.4290326,2.6855462,,,0,0,CCCCOP(=O)(OCCCC)OCCCC,0.98926896,0.49230438
CC(=O)NCCNC(C)=O,2.526339277389844,EC10,GRO,CC(=O)NCCNC(C)=O,1.7498205,56.21089,,,0,0,CC(=O)OCCOC(C)=O,0.99029756,0.41775018
CN1C(=O)CN=C(c2ccccc2)c2cc(Cl)ccc21,2.526339277389844,EC10,GRO,CN1C(=O)CN=C(c2ccccc2)c2cc(Cl)ccc21,-0.3640312,0.43248278,,,1,1,CN1C(=O)CN=C(c2ccccc2)c2cc(Cl)ccc21,1.0000002,0.47592813
CCOP(=S)(OCC)Oc1cc(C)nc(C(C)C)n1,2.526339277389844,EC10,GRO,CCOP(=S)(OCC)Oc1cc(C)nc(C(C)C)n1,-1.2158977,0.06082783,,,1,1,CCOP(=S)(OCC)Oc1cc(C)nc(C(C)C)n1,0.9999998,0.4008025
CC(Oc1ccc(Cl)cc1Cl)C(=O)O,2.526339277389844,EC10,GRO,CC(Oc1ccc(Cl)cc1Cl)C(=O)O,-0.6548218,0.22140029,,,1,0,CC(Oc1ccc(Cl)cc1Cl)C(=O)O,1.0,0.41348577
O=C(O)Cc1ccccc1Nc1c(Cl)cccc1Cl,2.526339277389844,EC10,GRO,O=C(O)Cc1ccccc1Nc1c(Cl)cccc1Cl,-0.8018047,0.15783207,,,1,0,O=C(O)Cc1ccccc1Nc1c(Cl)cccc1Cl,1.0000002,0.49910522
O=C(CC(C(=O)OC1CCCCC1)S(=O)(=O)O)OC1CCCCC1,2.526339277389844,EC10,GRO,O=C(CC(C(=O)OC1CCCCC1)S(=O)(=O)O)OC1CCCCC1,2.2196128,165.8108,,,0,0,CN(CCCCCC(=O)O)S(=O)(=O)c1ccccc1,0.96506214,0.37129864
O=C(NC1CCCCC1)NC1CCCCC1,2.526339277389844,EC10,GRO,O=C(NC1CCCCC1)NC1CCCCC1,1.2273053,16.87739,,,0,0,Cc1c(Cl)cccc1NC=O,0.9253657,0.48050195
CCOc1ccc(NC(=O)OC(C)C)cc1OCC,2.526339277389844,EC10,GRO,CCOc1ccc(NC(=O)OC(C)C)cc1OCC,0.3546776,2.2629638,,,1,1,CCOc1ccc(NC(=O)OC(C)C)cc1OCC,0.99999964,0.44075942
COCCOCCO,2.526339277389844,EC10,GRO,COCCOCCO,0.19096784,1.5522721,,,0,0,OCCCCO,0.9705915,0.47491986
CC1COC(Cn2cncn2)(c2ccc(Oc3ccc(Cl)cc3)cc2Cl)O1,2.526339277389844,EC10,GRO,CC1COC(Cn2cncn2)(c2ccc(Oc3ccc(Cl)cc3)cc2Cl)O1,-0.739631,0.18212476,,,1,0,CC1COC(Cn2cncn2)(c2ccc(Oc3ccc(Cl)cc3)cc2Cl)O1,1.0,0.33875245
Cc1cccc(C)c1NC(=O)CS(=O)(=O)O,2.526339277389844,EC10,GRO,Cc1cccc(C)c1NC(=O)CS(=O)(=O)O,1.2340791,17.142694,,,0,0,CS(=O)(=O)Nc1ccccc1Oc1ccccc1,0.9790562,0.46153665
COCCN(C(=O)CS(=O)(=O)O)c1c(C)cccc1C,2.526339277389844,EC10,GRO,COCCN(C(=O)CS(=O)(=O)O)c1c(C)cccc1C,0.40194312,2.5231502,,,0,0,CCCN(C)C,0.94508195,0.45654678
COCCN(C(=O)C(=O)O)c1c(C)cccc1C,2.526339277389844,EC10,GRO,COCCN(C(=O)C(=O)O)c1c(C)cccc1C,-1.5070137,0.031116184,,,0,0,CN(C)C(=O)Nc1ccc(Cl)cc1,0.9065231,0.45877817
COCC(C)N(C(=O)CCl)c1c(C)csc1C,2.526339277389844,EC10,GRO,COCC(C)N(C(=O)CCl)c1c(C)csc1C,-0.057427105,0.8761388,,,1,0,COCC(C)N(C(=O)CCl)c1c(C)csc1C,0.9999999,0.42600024
COCC(C)N(C(=O)CS(=O)(=O)O)c1c(C)csc1C,2.526339277389844,EC10,GRO,COCC(C)N(C(=O)CS(=O)(=O)O)c1c(C)csc1C,1.9359889,86.295654,,,0,0,COC(=O)c1sccc1S(=O)(=O)NC(=O)Nc1nc(C)nc(OC)n1,0.9594537,0.41016063
COCC(C)N(C(=O)C(=O)O)c1c(C)csc1C,2.526339277389844,EC10,GRO,COCC(C)N(C(=O)C(=O)O)c1c(C)csc1C,0.09573713,1.2466286,,,0,0,CCS(=O)(=O)c1nnc(N(C)C(=O)NC)s1,0.85981786,0.4601904
CNC(=O)CSP(=S)(OC)OC,2.526339277389844,EC10,GRO,CNC(=O)CSP(=S)(OC)OC,-0.007851232,0.9820843,,,1,1,CNC(=O)CSP(=S)(OC)OC,0.9999999,0.47662562
COC(=O)c1cc(C(=O)OC)cc(S(=O)(=O)O)c1,2.526339277389844,EC10,GRO,COC(=O)c1cc(C(=O)OC)cc(S(=O)(=O)O)c1,1.6992811,50.035828,,,0,0,COC(=O)CC(=O)CC(=O)OC,0.9332272,0.44680342
Cc1c(N(C)C)c(=O)n(-c2ccccc2)n1C,2.526339277389844,EC10,GRO,Cc1c(N(C)C)c(=O)n(-c2ccccc2)n1C,-1.3940557,0.04035936,,,0,0,Cc1nnc(-c2ccccc2)c(=O)n1N,0.9521488,0.4760915
CNC(=O)/C(=N/OC)c1ccccc1COc1cc(C)ccc1C,2.526339277389844,EC10,GRO,CNC(=O)/C(=N/OC)c1ccccc1COc1cc(C)ccc1C,-1.1841018,0.06544827,,,0,0,CC(C)NC[C@@H](O)COc1cccc2ccccc12.[Cl-].[H+],0.7635646,0.3338938
CCC(C)c1cc([N+](=O)[O-])cc([N+](=O)[O-])c1O,2.526339277389844,EC10,GRO,CCC(C)c1cc([N+](=O)[O-])cc([N+](=O)[O-])c1O,-1.081179,0.082950875,,,1,1,CCC(C)c1cc([N+](=O)[O-])cc([N+](=O)[O-])c1O,1.0,0.19776714
CN(C)CCOC(c1ccccc1)c1ccccc1,2.526339277389844,EC10,GRO,CN(C)CCOC(c1ccccc1)c1ccccc1,0.3685793,2.3365726,,,0,0,CN(C)CCOC(c1ccccc1)c1ccccc1,1.0,0.4982399
O=P(O)(Oc1ccccc1)Oc1ccccc1,2.526339277389844,EC10,GRO,O=P(O)(Oc1ccccc1)Oc1ccccc1,-0.92765015,0.11812718,,,0,0,CC(C)(C)c1ccccc1OP(=O)(Oc1ccccc1C(C)(C)C)Oc1ccccc1C(C)(C)C,0.88925296,0.4699565
CN(C)C(=O)Nc1ccc(Cl)c(Cl)c1,2.526339277389844,EC10,GRO,CN(C)C(=O)Nc1ccc(Cl)c(Cl)c1,-3.699993,0.00019952949,,,1,1,CN(C)C(=O)Nc1ccc(Cl)c(Cl)c1,1.0000001,0.37405464
CNCC[C@H](Oc1cccc2ccccc12)c1cccs1,2.526339277389844,EC10,GRO,CNCC[C@H](Oc1cccc2ccccc12)c1cccs1,-0.97036034,0.10706306,,,0,0,COP(=S)(OC)Oc1ccc([N+](=O)[O-])c(CO)c1,0.8685476,0.43883327
CC=C1N(C)C(C)CC1(c1ccccc1)c1ccccc1,2.526339277389844,EC10,GRO,CC=C1N(C)C(C)CC1(c1ccccc1)c1ccccc1,-0.13009217,0.74115294,,,0,0,CN(C)C(=O)NC1CC2CC1C1CCCC21,0.86631525,0.48162055
CC(C)(C)c1ccc(C(=O)CCCN2CCC(OC(c3ccccc3)c3ccccc3)CC2)cc1,2.526339277389844,EC10,GRO,CC(C)(C)c1ccc(C(=O)CCCN2CCC(OC(c3ccccc3)c3ccccc3)CC2)cc1,-0.7188495,0.19105154,,,0,0,CC(C)(C)c1ccc(C(O)CCCN2CCC(C(O)(c3ccccc3)c3ccccc3)CC2)cc1,0.8274026,0.4383318
CCOC(=O)[C@H](CCc1ccccc1)N[C@@H](C)C(=O)N1CCC[C@H]1C(=O)O,2.526339277389844,EC10,GRO,CCOC(=O)[C@H](CCc1ccccc1)N[C@@H](C)C(=O)N1CCC[C@H]1C(=O)O,1.218299,16.530996,,,0,0,Cc1nc(N(C)C)nc(OC(=O)N(C)C)c1C,0.892586,0.45473114
CCN1CCN(c2cc3c(cc2F)c(=O)c(C(=O)O)cn3C2CC2)CC1,2.526339277389844,EC10,GRO,CCN1CCN(c2cc3c(cc2F)c(=O)c(C(=O)O)cn3C2CC2)CC1,-0.88103014,0.13151334,,,0,0,COc1ccc2c(c1)c(CC(=O)O)c(C)n2C(=O)c1ccc(Cl)cc1,0.82917666,0.43281975
CN[C@@H](C)[C@H](O)c1ccccc1,2.526339277389844,EC10,GRO,CN[C@@H](C)[C@H](O)c1ccccc1,-0.15734503,0.6960733,,,0,0,CN(C)C(=O)C(c1ccccc1)c1ccccc1,0.90429115,0.48372453
Fc1ccc([C@@]2(Cn3cncn3)O[C@H]2c2ccccc2Cl)cc1,2.526339277389844,EC10,GRO,Fc1ccc([C@@]2(Cn3cncn3)O[C@H]2c2ccccc2Cl)cc1,-0.012320932,0.9720287,,,1,1,Fc1ccc([C@@]2(Cn3cncn3)O[C@H]2c2ccccc2Cl)cc1,0.99999994,0.42054743
CCCCc1ncc(/C=C(\Cc2cccs2)C(=O)O)n1Cc1ccc(C(=O)O)cc1,2.526339277389844,EC10,GRO,CCCCc1ncc(/C=C(\Cc2cccs2)C(=O)O)n1Cc1ccc(C(=O)O)cc1,-1.1455323,0.071526624,,,0,0,CCc1cc(C)cc(CC)c1-c1c(OC(=O)C(C)(C)C)n2n(c1=O)CCOCC2,0.6420005,0.3373282
CCOC1Oc2ccc(OS(C)(=O)=O)cc2C1(C)C,2.526339277389844,EC10,GRO,CCOC1Oc2ccc(OS(C)(=O)=O)cc2C1(C)C,1.093248,12.395042,,,1,0,CCOC1Oc2ccc(OS(C)(=O)=O)cc2C1(C)C,0.99999964,0.46453202
CC(C)OC(=O)C(C)(C)Oc1ccc(C(=O)c2ccc(Cl)cc2)cc1,2.526339277389844,EC10,GRO,CC(C)OC(=O)C(C)(C)Oc1ccc(C(=O)c2ccc(Cl)cc2)cc1,-1.6095515,0.024572449,,,1,0,CC(C)OC(=O)C(C)(C)Oc1ccc(C(=O)c2ccc(Cl)cc2)cc1,1.0000004,0.06528638
CN(C)C(=O)Nc1ccccc1,2.526339277389844,EC10,GRO,CN(C)C(=O)Nc1ccccc1,-0.46388382,0.34364986,,,1,0,CN(C)C(=O)Nc1ccccc1,0.99999994,0.4797932
N#Cc1nn(-c2c(Cl)cc(C(F)(F)F)cc2Cl)c(N)c1S(=O)C(F)(F)F,2.526339277389844,EC10,GRO,N#Cc1nn(-c2c(Cl)cc(C(F)(F)F)cc2Cl)c(N)c1S(=O)C(F)(F)F,-2.04217,0.009074651,,,1,1,N#Cc1nn(-c2c(Cl)cc(C(F)(F)F)cc2Cl)c(N)c1S(=O)C(F)(F)F,0.99999946,0.15483484
N#Cc1nn(-c2c(Cl)cc(C(F)(F)F)cc2Cl)c(N)c1C(F)(F)F,2.526339277389844,EC10,GRO,N#Cc1nn(-c2c(Cl)cc(C(F)(F)F)cc2Cl)c(N)c1C(F)(F)F,-2.081844,0.008282394,,,0,0,N#Cc1nn(-c2c(Cl)cc(C(F)(F)F)cc2Cl)c(N)c1S(=O)(=O)C(F)(F)F,0.9555295,0.09595715
N#Cc1nn(-c2c(Cl)cc(C(F)(F)F)cc2Cl)c(N)c1SC(F)(F)F,2.526339277389844,EC10,GRO,N#Cc1nn(-c2c(Cl)cc(C(F)(F)F)cc2Cl)c(N)c1SC(F)(F)F,-1.8495215,0.014140947,,,0,0,N#Cc1nn(-c2c(Cl)cc(C(F)(F)F)cc2Cl)c(N)c1S(=O)C(F)(F)F,0.9329874,0.17292984
N#Cc1nn(-c2c(Cl)cc(C(F)(F)F)cc2Cl)c(N)c1S(=O)(=O)C(F)(F)F,2.526339277389844,EC10,GRO,N#Cc1nn(-c2c(Cl)cc(C(F)(F)F)cc2Cl)c(N)c1S(=O)(=O)C(F)(F)F,-2.053416,0.008842682,,,0,0,N#Cc1nn(-c2c(Cl)cc(C(F)(F)F)cc2Cl)c(N)c1S(=O)(=O)C(F)(F)F,1.0000001,0.05874362
OC(Cn1cncn1)(Cn1cncn1)c1ccc(F)cc1F,2.526339277389844,EC10,GRO,OC(Cn1cncn1)(Cn1cncn1)c1ccc(F)cc1F,-0.8726366,0.1340798,,,1,1,OC(Cn1cncn1)(Cn1cncn1)c1ccc(F)cc1F,1.0,0.43489632
CC(C)N(C(=O)COc1nnc(C(F)(F)F)s1)c1ccc(F)cc1,2.526339277389844,EC10,GRO,CC(C)N(C(=O)COc1nnc(C(F)(F)F)s1)c1ccc(F)cc1,-0.39134428,0.40612125,,,1,1,CC(C)N(C(=O)COc1nnc(C(F)(F)F)s1)c1ccc(F)cc1,1.0,0.4099049
CC1CCc2cc(F)cc3c(=O)c(C(=O)O)cn1c23,2.526339277389844,EC10,GRO,CC1CCc2cc(F)cc3c(=O)c(C(=O)O)cn1c23,0.2782942,1.8979913,,,0,0,[Na+].[Na+].F[Si--](F)(F)(F)(F)F,0.920734,0.46272463
C#CCN1C(=O)COc2cc(F)c(N3C(=O)C4=C(CCCC4)C3=O)cc21,2.526339277389844,EC10,GRO,C#CCN1C(=O)COc2cc(F)c(N3C(=O)C4=C(CCCC4)C3=O)cc21,-0.20477399,0.6240595,,,1,1,C#CCN1C(=O)COc2cc(F)c(N3C(=O)C4=C(CCCC4)C3=O)cc21,0.9999999,0.32473373
CO/N=C(/C1=NOCCO1)c1ccccc1Oc1ncnc(Oc2ccccc2Cl)c1F,2.526339277389844,EC10,GRO,CO/N=C(/C1=NOCCO1)c1ccccc1Oc1ncnc(Oc2ccccc2Cl)c1F,-1.1886722,0.06476313,,,0,0,CO/N=C(/C1=NOCCO1)c1ccccc1Oc1ncnc(Oc2ccccc2Cl)c1F,0.9999997,0.2659921
CNCCC(Oc1ccc(C(F)(F)F)cc1)c1ccccc1,2.526339277389844,EC10,GRO,CNCCC(Oc1ccc(C(F)(F)F)cc1)c1ccccc1,-2.7730913,0.0016861985,,,1,1,CNCCC(Oc1ccc(C(F)(F)F)cc1)c1ccccc1,0.99999994,0.18516673
CNC1=C(c2cccc(C(F)(F)F)c2)C(=O)C(c2ccccc2)O1,2.526339277389844,EC10,GRO,CNC1=C(c2cccc(C(F)(F)F)c2)C(=O)C(c2ccccc2)O1,-2.6570683,0.0022025802,,,1,1,CNC1=C(c2cccc(C(F)(F)F)c2)C(=O)C(c2ccccc2)O1,0.9999996,0.39954323
COCCCC/C(=N\OCCN)c1ccc(C(F)(F)F)cc1,2.526339277389844,EC10,GRO,COCCCC/C(=N\OCCN)c1ccc(C(F)(F)F)cc1,-0.047733407,0.89591455,,,1,0,COCCCC/C(=N\OCCN)c1ccc(C(F)(F)F)cc1,1.0000001,0.28185877
CNC(=O)Oc1cccc(N=CN(C)C)c1,2.526339277389844,EC10,GRO,CNC(=O)Oc1cccc(N=CN(C)C)c1,-0.6943329,0.2021469,,,0,0,CNC(=O)Oc1cccc(N=CN(C)C)c1.[Cl-].[H+],0.95629585,0.45607594
NS(=O)(=O)c1cc(C(=O)O)c(NCc2ccco2)cc1Cl,2.526339277389844,EC10,GRO,NS(=O)(=O)c1cc(C(=O)O)c(NCc2ccco2)cc1Cl,1.9250815,84.155304,,,0,0,CS(=O)(=O)c1ccc(C(=O)O)c([N+](=O)[O-])c1,0.9580965,0.38605943
NCC1(CC(=O)O)CCCCC1,2.526339277389844,EC10,GRO,NCC1(CC(=O)O)CCCCC1,1.8373237,68.758064,,,0,0,CCNC(=O)[C@H](C)OC(=O)Nc1ccccc1,0.95672137,0.41490978
O=C1CC2(CCCCC2)CN1,2.526339277389844,EC10,GRO,O=C1CC2(CCCCC2)CN1,-0.71647316,0.19209978,,,0,0,O=C1Cc2cc(Cl)ccc2N1,0.9254328,0.5001523
O=c1c(-c2ccc(O)cc2)coc2cc(O)cc(O)c12,2.526339277389844,EC10,GRO,O=c1c(-c2ccc(O)cc2)coc2cc(O)cc(O)c12,-2.4834223,0.0032853205,,,1,1,O=c1c(-c2ccc(O)cc2)coc2cc(O)cc(O)c12,1.0000004,0.39150488
CCC1=C(C)CN(C(=O)NCCc2ccc(S(=O)(=O)NC(=O)N[C@H]3CC[C@H](C)CC3)cc2)C1=O,2.526339277389844,EC10,GRO,CCC1=C(C)CN(C(=O)NCCc2ccc(S(=O)(=O)NC(=O)N[C@H]3CC[C@H](C)CC3)cc2)C1=O,-0.59761655,0.252571,,,0,0,O=C(O)c1ccccc1C(=O)Nc1ccc(S(=O)(=O)Nc2nccs2)cc1,0.7756373,0.3837528
N=C(N)NC(N)=O,2.526339277389844,EC10,GRO,N=C(N)NC(N)=O,1.5043138,31.93845,,,0,0,Cc1ccc(N)cc1,0.94492406,0.44313273
Cc1nccc2c1[nH]c1ccccc12,2.526339277389844,EC10,GRO,Cc1nccc2c1[nH]c1ccccc12,-0.53493816,0.29178423,,,0,0,Cc1c[nH]c2ccccc12,0.84862757,0.44529244
COCN(COC)c1nc(N(COC)COC)nc(N(COC)COC)n1,2.526339277389844,EC10,GRO,COCN(COC)c1nc(N(COC)COC)nc(N(COC)COC)n1,-0.40145043,0.3967798,,,0,0,CCCCC(CC)CN(CC(CC)CCCC)Cn1cncn1,0.87147295,0.45263112
CCCCCCCCCCCCCCCC[n+]1ccccc1,2.526339277389844,EC10,GRO,CCCCCCCCCCCCCCCC[n+]1ccccc1,-1.259828,0.05497586,,,0,0,CCCCCCCCCCCCCCCC[n+]1ccccc1.[Cl-],0.9758476,0.04889106
CCCCCCCCCCCCCCCC[N+](C)(C)C,2.526339277389844,EC10,GRO,CCCCCCCCCCCCCCCC[N+](C)(C)C,-1.0851997,0.08218647,,,0,0,CCCCCCCC[N+](C)(C)CCCCCCCC.[Cl-],0.8203304,0.28480726
CN(C)c1nc(=O)n(C2CCCCC2)c(=O)n1C,2.526339277389844,EC10,GRO,CN(C)c1nc(=O)n(C2CCCCC2)c(=O)n1C,-2.1880841,0.006485088,,,1,1,CN(C)c1nc(=O)n(C2CCCCC2)c(=O)n1C,0.99999994,0.42939338
NS(=O)(=O)c1cc2c(cc1Cl)NCNS2(=O)=O,2.526339277389844,EC10,GRO,NS(=O)(=O)c1cc2c(cc1Cl)NCNS2(=O)=O,-1.8528203,0.014033943,,,1,0,NS(=O)(=O)c1cc2c(cc1Cl)NCNS2(=O)=O,0.9999999,0.2127851
CCC(C)OC(=O)N1CCCCC1CCO,2.526339277389844,EC10,GRO,CCC(C)OC(=O)N1CCCCC1CCO,1.5551137,35.90159,,,0,0,CCC(C)OC(=O)N1CCCCC1CCO,0.9999999,0.42241645
O=P1(NCCCl)OCCCN1CCCl,2.526339277389844,EC10,GRO,O=P1(NCCCl)OCCCN1CCCl,0.25272647,1.7894784,,,0,0,[Cl-].[Li+],0.9208578,0.49836788
C=CCOC(Cn1ccnc1)c1ccc(Cl)cc1Cl,2.526339277389844,EC10,GRO,C=CCOC(Cn1ccnc1)c1ccc(Cl)cc1Cl,-0.9790543,0.10494113,,,1,0,C=CCOC(Cn1ccnc1)c1ccc(Cl)cc1Cl,1.0,0.3956002
CC(C)C1(C)N=C(c2ncccc2C(=O)O)NC1=O,2.526339277389844,EC10,GRO,CC(C)C1(C)N=C(c2ncccc2C(=O)O)NC1=O,1.5629158,36.55239,,,1,0,CC(C)C1(C)N=C(c2ncccc2C(=O)O)NC1=O,0.99999976,0.11723494
O=[N+]([O-])NC1=NCCN1Cc1ccc(Cl)nc1,2.526339277389844,EC10,GRO,O=[N+]([O-])NC1=NCCN1Cc1ccc(Cl)nc1,-2.2392304,0.0057646055,,,1,0,O=[N+]([O-])NC1=NCCN1Cc1ccc(Cl)nc1,1.0000005,0.42006603
NC1=NCCN1Cc1ccc(Cl)nc1,2.526339277389844,EC10,GRO,NC1=NCCN1Cc1ccc(Cl)nc1,-1.4566388,0.03494308,,,0,0,Nc1ccc(F)cc1F,0.90917087,0.467158
O=C1NCCN1Cc1ccc(Cl)nc1,2.526339277389844,EC10,GRO,O=C1NCCN1Cc1ccc(Cl)nc1,-1.7619606,0.017299732,,,0,0,CN(C)C(=O)Nc1ccc(Cl)cc1,0.9609203,0.4672269
O=C(O)C=Cc1c[nH]c2ccccc12,2.526339277389844,EC10,GRO,O=C(O)C=Cc1c[nH]c2ccccc12,1.3791394,23.940844,,,0,0,O=C(O)CCCc1c[nH]c2ccccc12,0.9650377,0.43138814
CSc1nc(NC2CC2)nc(NC(C)(C)C)n1,2.526339277389844,EC10,GRO,CSc1nc(NC2CC2)nc(NC(C)(C)C)n1,-0.1339852,0.73453885,,,1,0,CSc1nc(NC2CC2)nc(NC(C)(C)C)n1,0.99999994,0.29891065
CC1(C)CC(N)CC(C)(CN)C1,2.526339277389844,EC10,GRO,CC1(C)CC(N)CC(C)(CN)C1,1.4332907,27.120066,,,0,0,CC1(N)CCC(C(C)(C)N)CC1,0.969957,0.42929807
O=C(O)c1cccc(C(=O)O)c1,2.526339277389844,EC10,GRO,O=C(O)c1cccc(C(=O)O)c1,1.9266186,84.45368,,,0,0,O=C(Cl)c1cccc(C(=O)Cl)c1,0.9888632,0.39005095
CC(C)c1ccc(NC(=O)N(C)C)cc1,2.526339277389844,EC10,GRO,CC(C)c1ccc(NC(=O)N(C)C)cc1,0.3348993,2.1622171,,,0,0,O=C(C1CCCCC1)N1CC(=O)N2CCc3ccccc3C2C1,0.90308976,0.44582963
CCC(C)(CC)c1cc(NC(=O)c2c(OC)cccc2OC)on1,2.526339277389844,EC10,GRO,CCC(C)(CC)c1cc(NC(=O)c2c(OC)cccc2OC)on1,-0.11549495,0.7664875,,,1,0,CCC(C)(CC)c1cc(NC(=O)c2c(OC)cccc2OC)on1,1.0,0.30111912
CNC1(c2ccccc2Cl)CCCCC1=O,2.526339277389844,EC10,GRO,CNC1(c2ccccc2Cl)CCCCC1=O,-0.8577024,0.13877065,,,0,0,CS(=O)(=O)Nc1ccc([N+](=O)[O-])cc1OC1CCCCC1,0.784026,0.42015913
CC(C(=O)O)c1cccc(C(=O)c2ccccc2)c1,2.526339277389844,EC10,GRO,CC(C(=O)O)c1cccc(C(=O)c2ccccc2)c1,1.7435544,55.40569,,,0,0,CS(=O)(=O)c1ccc(C(=O)O)c([N+](=O)[O-])c1,0.8959443,0.39789048
CO/N=C(/C(=O)OC)c1ccccc1COc1ccccc1C,2.526339277389844,EC10,GRO,CO/N=C(/C(=O)OC)c1ccccc1COc1ccccc1C,-2.1340587,0.007344146,,,1,1,CO/N=C(/C(=O)OC)c1ccccc1COc1ccccc1C,0.99999976,0.26498565
CC(CCc1ccccc1)NCC(O)c1ccc(O)c(C(N)=O)c1,2.526339277389844,EC10,GRO,CC(CCc1ccccc1)NCC(O)c1ccc(O)c(C(N)=O)c1,1.329555,21.357727,,,0,0,CCOC(=O)CC(O)(CC(=O)OCC)C(=O)OCC,0.8269727,0.38109136
Nc1nnc(-c2cccc(Cl)c2Cl)c(N)n1,2.526339277389844,EC10,GRO,Nc1nnc(-c2cccc(Cl)c2Cl)c(N)n1,-1.2386082,0.057728697,,,0,0,CCCCCCC(C)OC(=O)COc1nc(F)c(Cl)c(N)c1Cl,0.801002,0.39421582
CCCCCCCCCCCC(=O)NCC(C)O,2.526339277389844,EC10,GRO,CCCCCCCCCCCC(=O)NCC(C)O,0.85345405,7.1359873,,,0,0,CCCCCCCC(=O)O,0.9247949,0.48690045
CCCCCCCCCCCC(=O)N(CCO)CCO,2.526339277389844,EC10,GRO,CCCCCCCCCCCC(=O)N(CCO)CCO,0.46024013,2.8856266,,,0,0,CNCC(=O)[O-].[Na+],0.9390257,0.48993537
O=c1[nH]c2c(c(=O)n1C1CCCCC1)CCC2,2.526339277389844,EC10,GRO,O=c1[nH]c2c(c(=O)n1C1CCCCC1)CCC2,-0.40432322,0.39416385,,,0,0,c1cc[n+]2c(c1)-c1cccc[n+]1CC2,0.8945162,0.4921267
CCN(CC)CC(=O)Nc1c(C)cccc1C,2.526339277389844,EC10,GRO,CCN(CC)CC(=O)Nc1c(C)cccc1C,-3.0615413,0.000867878,,,0,0,CCN(CC)C(=O)c1cccc(C)c1,0.95452315,0.42582232
CCC[C@@H]1C[C@@H](C(=O)N[C@@H]([C@H]2O[C@H](SC)[C@H](O)[C@@H](O)[C@H]2O)[C@@H](C)O)N(C)C1,2.526339277389844,EC10,GRO,CCC[C@@H]1C[C@@H](C(=O)N[C@H]([C@@H](C)O)[C@H]2O[C@H](SC)[C@H](O)[C@@H](O)[C@H]2O)N(C)C1,1.2165124,16.46313,,,0,0,CC(=O)[O-].CC(=O)[O-].O=[As][O-].O=[As][O-].O=[As][O-].O=[As][O-].O=[As][O-].O=[As][O-].[Cu+2].[Cu+2].[Cu+2].[Cu+2],0.5788178,0.2575661
CN(C)C(=O)C(CCN1CCC(O)(c2ccc(Cl)cc2)CC1)(c1ccccc1)c1ccccc1,2.526339277389844,EC10,GRO,CN(C)C(=O)C(CCN1CCC(O)(c2ccc(Cl)cc2)CC1)(c1ccccc1)c1ccccc1,-0.8592615,0.13827336,,,0,0,CC(C)(C)C(O)C(Oc1ccc(-c2ccccc2)cc1)n1cncn1,0.73485076,0.35725382
O=C1Nc2ccc(Cl)cc2C(c2ccccc2Cl)=NC1O,2.526339277389844,EC10,GRO,O=C1Nc2ccc(Cl)cc2C(c2ccccc2Cl)=NC1O,-0.7102897,0.19485442,,,0,0,O=C1C(Cl)=C(NC(=O)C(Cl)Cl)C(=O)c2ccccc21,0.55993056,0.2485672
CCCCc1nc(Cl)c(CO)n1Cc1ccc(-c2ccccc2-c2nnn[nH]2)cc1,2.526339277389844,EC10,GRO,CCCCc1nc(Cl)c(CO)n1Cc1ccc(-c2ccccc2-c2nnn[nH]2)cc1,-1.085258,0.08217543,,,0,0,Cn1cc(-c2ccccc2)c(=O)c(-c2cccc(C(F)(F)F)c2)c1,0.8191864,0.3997717
CCCCc1nc(Cl)c(C(=O)O)n1Cc1ccc(-c2ccccc2-c2nnn[nH]2)cc1,2.526339277389844,EC10,GRO,CCCCc1nc(Cl)c(C(=O)O)n1Cc1ccc(-c2ccccc2-c2nnn[nH]2)cc1,-0.99097115,0.10210073,,,0,0,O=[N+]([O-])C(CO)(CO)c1ccccc1,0.83317995,0.42174336
Cc1cc(Cl)ccc1OCC(=O)O,2.526339277389844,EC10,GRO,Cc1cc(Cl)ccc1OCC(=O)O,-0.13590477,0.7312994,,,1,0,Cc1cc(Cl)ccc1OCC(=O)O,0.99999976,0.45818344
COC(=O)Nc1nc2ccc(C(=O)c3ccccc3)cc2[nH]1,2.526339277389844,EC10,GRO,COC(=O)Nc1nc2ccc(C(=O)c3ccccc3)cc2[nH]1,-0.57766354,0.26444566,,,0,0,COC(=O)Nc1nc2ccc(C(=O)c3ccccc3)cc2[nH]1,0.99999964,0.4534361
Cc1cc(Cl)ccc1OC(C)C(=O)O,2.526339277389844,EC10,GRO,Cc1cc(Cl)ccc1OC(C)C(=O)O,-0.35989714,0.43661925,,,0,0,Cc1cc(Cl)ccc1OC(C)C(=O)O,1.0000004,0.46673596
Cc1cccc(Nc2ccccc2C(=O)O)c1C,2.526339277389844,EC10,GRO,Cc1cccc(Nc2ccccc2C(=O)O)c1C,-1.4432623,0.03603609,,,1,1,Cc1cccc(Nc2ccccc2C(=O)O)c1C,1.0000001,0.16113672
Nc1nc(N)nc(N)n1,2.526339277389844,EC10,GRO,Nc1nc(N)nc(N)n1,1.2594236,18.172874,,,0,0,CCOc1nc(N)nc(NC)n1,0.93837047,0.45834562
COc1ccc2[nH]cc(CCNC(C)=O)c2c1,2.526339277389844,EC10,GRO,COc1ccc2[nH]cc(CCNC(C)=O)c2c1,-0.052215774,0.88671535,,,0,0,C=C[C@@H](COC(C)=O)OC(C)=O,0.8998135,0.4811012
CC1CCN(CCCC(=O)c2ccc(F)cc2)CC1,2.526339277389844,EC10,GRO,CC1CCN(CCCC(=O)c2ccc(F)cc2)CC1,-0.7291937,0.18655476,,,0,0,CC1CCCCC1NC(=O)Nc1ccccc1,0.82555985,0.43557084
CC12CC3CC(C)(C1)CC(N)(C3)C2,2.526339277389844,EC10,GRO,CC12CC3CC(C)(C1)CC(N)(C3)C2,0.94302547,8.770523,,,0,0,CN(C)C12CC3CC(CC(C3)C1)C2,0.9400296,0.42090714
C[N+]1(C)CCCCC1,2.526339277389844,EC10,GRO,C[N+]1(C)CCCCC1,1.7847553,60.91936,,,0,0,C#CC1CC1,0.97676176,0.4234284
COCC(=O)N(c1c(C)cccc1C)C(C)C(=O)OC,2.526339277389844,EC10,GRO,COCC(=O)N(c1c(C)cccc1C)C(C)C(=O)OC,0.54079694,3.473737,,,1,0,COCC(=O)N(c1c(C)cccc1C)C(C)C(=O)OC,1.0000002,0.4657549
COCC(=O)N(c1c(C)cccc1C(=O)O)C(C)C(=O)O,2.526339277389844,EC10,GRO,COCC(=O)N(c1c(C)cccc1C(=O)O)C(C)C(=O)O,1.0916039,12.3482065,,,0,0,CCO[C@@H]1C(=O)NC(=O)N1Cc1ccccc1,0.9754238,0.44527012
Cc1nnc(-c2ccccc2)c(=O)[nH]1,2.526339277389844,EC10,GRO,Cc1nnc(-c2ccccc2)c(=O)[nH]1,-1.1377869,0.072813705,,,0,0,Cn1c(=O)c2c(ncn2C)n(C)c1=O,0.96197796,0.4513669
Cc1cccc(C)c1N(Cn1cccn1)C(=O)CCl,2.526339277389844,EC10,GRO,Cc1cccc(C)c1N(Cn1cccn1)C(=O)CCl,-0.32757285,0.4703565,,,0,0,FC(F)C(F)(F)OCC(Cn1cncn1)c1ccc(Cl)cc1Cl,0.9179694,0.4752901
Cc1cccc(C(=O)O)c1N(Cn1cccn1)C(=O)C(=O)O,2.526339277389844,EC10,GRO,Cc1cccc(C(=O)O)c1N(Cn1cccn1)C(=O)C(=O)O,1.5158079,32.795017,,,0,0,CCO[C@@H]1C(=O)NC(=O)N1Cc1ccccc1,0.9247899,0.4418765
Cc1cccc(C)c1N(Cn1cccn1)C(=O)CS(=O)(=O)O,2.526339277389844,EC10,GRO,Cc1cccc(C)c1N(Cn1cccn1)C(=O)CS(=O)(=O)O,-0.17545119,0.6676499,,,0,0,CC(C1CC1)C(O)(Cn1cncn1)c1ccc(Cl)cc1,0.9026808,0.49820858
Cc1cccc(C)c1N(Cn1cccn1)C(=O)C(=O)O,2.526339277389844,EC10,GRO,Cc1cccc(C)c1N(Cn1cccn1)C(=O)C(=O)O,-0.21213588,0.61357,,,0,0,CC(C1CC1)C(O)(Cn1cncn1)c1ccc(Cl)cc1,0.9226054,0.49663162
CN(C)C(=N)N=C(N)N,2.526339277389844,EC10,GRO,CN(C)C(=N)N=C(N)N,-0.83792585,0.14523596,,,0,0,CCCN(CCC)C(=S)SSC(=S)N(CCC)CCC,0.6943842,0.34927627
CCC(=O)C(CC(C)N(C)C)(c1ccccc1)c1ccccc1,2.526339277389844,EC10,GRO,CCC(=O)C(CC(C)N(C)C)(c1ccccc1)c1ccccc1,-0.8231377,0.15026654,,,0,0,CCc1cccc(C)c1N(C(=O)CCl)C(C)COC,0.83303446,0.44448376
CN[C@H](C)Cc1ccccc1,2.526339277389844,EC10,GRO,CN[C@H](C)Cc1ccccc1,0.4114749,2.57914,,,0,0,CN(C)CCOC(c1ccccc1)c1ccccc1,0.9702039,0.49342477
C1N2CN3CN1CN(C2)C3,2.526339277389844,EC10,GRO,C1N2CN3CN1CN(C2)C3,0.70531946,5.0736375,,,0,0,CCN1CN(CC)CN(CC)C1,0.9147947,0.46816498
Cn1cc[nH]c1=S,2.526339277389844,EC10,GRO,Cn1cc[nH]c1=S,-1.074188,0.08429698,,,0,0,O=[Se](=O)([O-])[O-].[K+].[K+],0.82118726,0.43153217
CNC(=O)Oc1cc(C)c(S(C)(=O)=O)c(C)c1,2.526339277389844,EC10,GRO,CNC(=O)Oc1cc(C)c(S(C)(=O)=O)c(C)c1,1.2193121,16.569601,,,0,0,CNC(=O)O/N=C/C(C)(C)S(C)(=O)=O,0.9639548,0.4850318
Cc1cc(O)cc(C)c1S(C)=O,2.526339277389844,EC10,GRO,Cc1cc(O)cc(C)c1S(C)=O,-0.9034703,0.12489059,,,0,0,Cc1cc(O)cc(C)c1Cl,0.83329463,0.34847125
COc1ccccc1OCC(O)COC(N)=O,2.526339277389844,EC10,GRO,COc1ccccc1OCC(O)COC(N)=O,-4.6774025,2.1018297e-05,,,1,1,COc1ccccc1OCC(O)COC(N)=O,1.0000004,-0.171461
CNC(=O)O/N=C(\C)SC,2.526339277389844,EC10,GRO,CNC(=O)O/N=C(\C)SC,-0.22506157,0.5955777,,,1,1,CNC(=O)O/N=C(\C)SC,0.9999999,0.29552934
CN(CCO)CCO,2.526339277389844,EC10,GRO,CN(CCO)CCO,2.636705,433.21643,,,1,0,CN(CCO)CCO,1.0000002,0.24773322
Cn1sc(Cl)cc1=O,2.526339277389844,EC10,GRO,Cn1sc(Cl)cc1=O,-1.2065061,0.062157545,,,0,0,Cn1sc(Cl)cc1=O.Cn1sccc1=O,0.9591497,0.18034486
Cn1ncc(N)c(Cl)c1=O,2.526339277389844,EC10,GRO,Cn1ncc(N)c(Cl)c1=O,-0.20559585,0.6228796,,,0,0,CCc1n[nH]c(=O)n1CCOc1ccccc1,0.9123493,0.46943372
CON(C)C(=O)Nc1ccc(Br)cc1,2.526339277389844,EC10,GRO,CON(C)C(=O)Nc1ccc(Br)cc1,1.3205265,20.918304,,,0,0,CON(C)C(=O)Nc1ccc(Br)cc1,0.9999995,0.477604
CCc1cccc(C)c1N(C(=O)CCl)C(C)COC,2.526339277389844,EC10,GRO,CCc1cccc(C)c1N(C(=O)CCl)C(C)COC,-0.34418914,0.45270038,,,1,0,CCc1cccc(C)c1N(C(=O)CCl)C(C)COC,0.9999995,0.50280696
CCc1cccc(C)c1N(C(=O)C(=O)O)[C@@H](C)C(=O)O,2.526339277389844,EC10,GRO,CCc1cccc(C)c1N(C(=O)C(=O)O)[C@@H](C)C(=O)O,1.1911607,15.529614,,,0,0,CC(=O)CCC=C(C)C,0.88259697,0.44007897
CCc1cccc(C)c1NC(=O)CS(=O)(=O)O,2.526339277389844,EC10,GRO,CCc1cccc(C)c1NC(=O)CS(=O)(=O)O,1.3335177,21.553493,,,0,0,CS(=O)(=O)Nc1ccccc1Oc1ccccc1,0.9733666,0.45499626
CCc1cccc(C)c1N(C(=O)CS(=O)(=O)O)C(C)COC,2.526339277389844,EC10,GRO,CCc1cccc(C)c1N(C(=O)CS(=O)(=O)O)C(C)COC,1.4445488,27.832285,,,0,0,CC(C)COC(C)(C)C,0.884755,0.4594288
CCc1cccc(C)c1N(C(=O)C(=O)O)C(C)COC,2.526339277389844,EC10,GRO,CCc1cccc(C)c1N(C(=O)C(=O)O)C(C)COC,-0.08393486,0.8242617,,,0,0,CCc1cccc(C)c1N(C(=O)CCl)C(C)COC,0.9169638,0.47439504
CCc1cccc(C)c1N(C(=O)CS(=O)(=O)O)[C@@H](C)C(=O)O,2.526339277389844,EC10,GRO,CCc1cccc(C)c1N(C(=O)CS(=O)(=O)O)[C@@H](C)C(=O)O,1.7065153,50.876274,,,0,0,O=C(Cl)c1cccc(C(=O)Cl)c1,0.94320387,0.42873463
COCCc1ccc(OCC(O)CNC(C)C)cc1,2.526339277389844,EC10,GRO,COCCc1ccc(OCC(O)CNC(C)C)cc1,0.20908172,1.6183846,,,0,0,[Cl]|[Sn](|[Cl])(|[Cl])CCCC,0.9327773,0.5101302
CC(C)NCC(O)COc1ccc(CC(=O)O)cc1,2.526339277389844,EC10,GRO,CC(C)NCC(O)COc1ccc(CC(=O)O)cc1,1.1642361,14.596074,,,0,0,CCOC(=O)CC(O)(CC(=O)OCC)C(=O)OCC,0.82734185,0.42245087
CSc1nnc(C(C)(C)C)c(=O)n1N,2.526339277389844,EC10,GRO,CSc1nnc(C(C)(C)C)c(=O)n1N,1.0804502,12.035113,,,1,1,CSc1nnc(C(C)(C)C)c(=O)n1N,1.0000001,0.42719793
CN1CCN2c3ncccc3Cc3ccccc3C2C1,2.526339277389844,EC10,GRO,CN1CCN2c3ncccc3Cc3ccccc3C2C1,-1.1987841,0.06327263,,,0,0,CN(C)C(=O)NC1CC2CC1C1CCCC21,0.8201299,0.42167234
CC[C@@]1([C@@H]2O[C@@H]([C@H]3O[C@@](O)(CO)[C@H](C)C[C@@H]3C)C[C@@H]2C)CC[C@H]([C@]2(C)CC[C@]3(C[C@H](O)[C@@H](C)[C@@H]([C@@H](C)[C@@H](OC)[C@H](C)C(=O)O)O3)O2)O1,2.526339277389844,EC10,GRO,CC[C@@]1([C@@H]2O[C@@H]([C@H]3O[C@@](O)(CO)[C@H](C)C[C@@H]3C)C[C@@H]2C)CC[C@H]([C@]2(C)CC[C@]3(C[C@H](O)[C@@H](C)[C@@H]([C@@H](C)[C@@H](OC)[C@H](C)C(=O)O)O3)O2)O1,-0.4524716,0.35279986,,,0,0,C=C(C)[C@@H]1C2OC(=O)C1[C@]1(O)CC3O[C@]34C(=O)O[C@H]2[C@@]41C.CC(C)(O)[C@@H]1C2OC(=O)C1[C@]1(O)C[C@H]3O[C@]34C(=O)O[C@H]2[C@@]41C,0.7604933,0.31637353
CCCCC(C#N)(Cn1cncn1)c1ccc(Cl)cc1,2.526339277389844,EC10,GRO,CCCCC(C#N)(Cn1cncn1)c1ccc(Cl)cc1,-0.05166846,0.88783354,,,1,1,CCCCC(C#N)(Cn1cncn1)c1ccc(Cl)cc1,1.0,0.39311334
COc1c(C)c2c(c(O)c1C/C=C(\C)CCC(=O)O)C(=O)OC2,2.526339277389844,EC10,GRO,COc1c(C)c2c(c(O)c1C/C=C(\C)CCC(=O)O)C(=O)OC2,-0.71735394,0.19171058,,,0,0,C=CCc1ccc(O)c(OC)c1.CCC(=O)OCCc1ccccc1,0.5995592,0.2898578
CCCCCCCCCC(=O)N(C)C,2.526339277389844,EC10,GRO,CCCCCCCCCC(=O)N(C)C,0.14492624,1.3961312,,,1,0,CCCCCCCCCC(=O)N(C)C,0.99999976,0.51438904
CCCCCCCCCCN(C)C,2.526339277389844,EC10,GRO,CCCCCCCCCCN(C)C,-0.35666606,0.43987972,,,1,0,CCCCCCCCCCN(C)C,1.0000002,0.33199456
CCCCCCCCCCCCN(C)C,2.526339277389844,EC10,GRO,CCCCCCCCCCCCN(C)C,-0.7453408,0.17974597,,,1,0,CCCCCCCCCCCCN(C)C,1.0,0.24892347
CCCCCCCCCCCC[N+](C)(C)[O-],2.526339277389844,EC10,GRO,CCCCCCCCCCCC[N+](C)(C)[O-],1.1920794,15.562502,,,1,0,CCCCCCCCCCCC[N+](C)(C)[O-],0.9999999,0.27318534
CC(=O)Nc1c(C)n(C)n(-c2ccccc2)c1=O,2.526339277389844,EC10,GRO,CC(=O)Nc1c(C)n(C)n(-c2ccccc2)c1=O,-1.6305101,0.023414772,,,0,0,CC(C)(C)C(=O)C(Oc1ccc(Cl)cc1)n1cncn1,0.9161907,0.47405085
CCCCNS(=O)(=O)c1ccccc1,2.526339277389844,EC10,GRO,CCCCNS(=O)(=O)c1ccccc1,0.024741754,1.058624,,,0,0,CCCCNS(=O)(=O)c1ccccc1,1.0000002,0.503422
c1ccc2sc(NC3CCCCC3)nc2c1,2.526339277389844,EC10,GRO,c1ccc2sc(NC3CCCCC3)nc2c1,-0.6906833,0.2038528,,,0,0,c1ccc2sc(SNC3CCCCC3)nc2c1,0.87675375,0.43474868
CCNC(=O)c1cccc(C)c1,2.526339277389844,EC10,GRO,CCNC(=O)c1cccc(C)c1,0.5668986,3.6889145,,,0,0,C=C(C)C(=O)OCCN(C)C,0.97471344,0.47412616
CCNS(=O)(=O)c1ccccc1C,2.526339277389844,EC10,GRO,CCNS(=O)(=O)c1ccccc1C,-0.44227046,0.36118487,,,0,0,CCCCCCN,0.8861319,0.47427577
Cc1c(NC=O)c(=O)n(-c2ccccc2)n1C,2.526339277389844,EC10,GRO,Cc1c(NC=O)c(=O)n(-c2ccccc2)n1C,-1.0851158,0.082202345,,,0,0,COc1ccc2c(c1)c(CC(=O)O)c(C)n2C(=O)c1ccc(Cl)cc1,0.91397965,0.4760575
CCCCCCCCCCCC(=O)NCCO,2.526339277389844,EC10,GRO,CCCCCCCCCCCC(=O)NCCO,0.39885944,2.5052981,,,0,0,CCCCCCCCCCCC(=O)[O-].[K+],0.95002913,0.48802722
CN(C1CCCCC1)C1CCCCC1,2.526339277389844,EC10,GRO,CN(C1CCCCC1)C1CCCCC1,0.7034687,5.052062,,,1,0,CN(C1CCCCC1)C1CCCCC1,1.0000002,0.51637244
CCCCCCCCCCCCNC,2.526339277389844,EC10,GRO,CCCCCCCCCCCCNC,0.122494414,1.3258501,,,0,0,CSCCCCCCSC,0.9882895,0.50501376
c1ccc(Nc2cccc3ccccc23)cc1,2.526339277389844,EC10,GRO,c1ccc(Nc2cccc3ccccc23)cc1,-0.7410106,0.18154714,,,0,0,c1ccc(Nc2cccc3ccccc23)cc1,0.99999994,0.25396165
COc1ccc2cc(C(C)C(=O)O)ccc2c1,2.526339277389844,EC10,GRO,COc1ccc2cc(C(C)C(=O)O)ccc2c1,0.035889648,1.0861496,,,0,0,COc1ccc2cc(C(C)=O)ccc2c1,0.9499972,0.4602838
COc1cc(OC)nc(NC(=O)NS(=O)(=O)c2ncccc2C(=O)N(C)C)n1,2.526339277389844,EC10,GRO,COc1cc(OC)nc(NC(=O)NS(=O)(=O)c2ncccc2C(=O)N(C)C)n1,-1.7754769,0.016769614,,,0,0,COc1cc(OC)nc(NC(=O)NS(=O)(=O)c2c(-c3nnn(C)n3)cnn2C)n1,0.9808197,0.46417058
CCOC(=O)C1=C(C)NC(C)=C(C(=O)OC)C1c1cccc([N+](=O)[O-])c1,2.526339277389844,EC10,GRO,CCOC(=O)C1=C(C)NC(C)=C(C(=O)OC)C1c1cccc([N+](=O)[O-])c1,-0.8864143,0.12989299,,,0,0,CCOC(=O)C1=C(COCCN)NC(C)=C(C(=O)OC)C1c1ccccc1Cl,0.9327694,0.29968983
CCn1cc(C(=O)O)c(=O)c2cc(F)c(N3CCNCC3)cc21,2.526339277389844,EC10,GRO,CCn1cc(C(=O)O)c(=O)c2cc(F)c(N3CCNCC3)cc21,-1.40219,0.03961047,,,0,0,CN(C)C(=O)Nc1cccc(C(F)(F)F)c1,0.8289163,0.4452601
CC1COc2c(N3CCN(C)CC3)c(F)cc3c(=O)c(C(=O)O)cn1c23,2.526339277389844,EC10,GRO,CC1COc2c(N3CCN(C)CC3)c(F)cc3c(=O)c(C(=O)O)cn1c23,-0.6772523,0.21025567,,,0,0,O=C1N(CO)C2C(N1CO)N(CO)C(=O)N2CO,0.87719184,0.44618055
CNC(=O)CSP(=O)(OC)OC,2.526339277389844,EC10,GRO,CNC(=O)CSP(=O)(OC)OC,0.083565585,1.2121757,,,0,0,CNC(=O)CSP(=O)(OC)OC,1.0,0.5258088
O=C1Nc2ccc(Cl)cc2C(c2ccccc2)=NC1O,2.526339277389844,EC10,GRO,O=C1Nc2ccc(Cl)cc2C(c2ccccc2)=NC1O,-0.9139181,0.12192196,,,0,0,CC1CN(c2ccccc2)NC1=O,0.5471994,0.23427805
CCN(CC)CC#CCOC(=O)C(O)(c1ccccc1)C1CCCCC1,2.526339277389844,EC10,GRO,CCN(CC)CC#CCOC(=O)C(O)(c1ccccc1)C1CCCCC1,-1.1485181,0.07103656,,,0,0,CC(C)(C)C(=O)C(Oc1ccc(Cl)cc1)n1ccnc1,0.85808194,0.43636888
O=c1[nH]c(=O)c2c[nH]nc2[nH]1,2.526339277389844,EC10,GRO,O=c1[nH]c(=O)c2c[nH]nc2[nH]1,1.4543891,28.470106,,,0,0,O=c1[nH]c2ccccc2[nH]1,0.9045925,0.4038214
CCCCCCCCCCCCCCCC(=O)NCCO,2.526339277389844,EC10,GRO,CCCCCCCCCCCCCCCC(=O)NCCO,-1.0547822,0.08814909,,,0,0,CS(=O)(=O)O.[Cu],0.9187805,0.101888984
Cn1c(=O)[nH]c2ncn(C)c2c1=O,2.526339277389844,EC10,GRO,Cn1c(=O)[nH]c2ncn(C)c2c1=O,-1.2442585,0.0569825,,,0,0,Cn1c(=O)c2c(ncn2C)n(C)c1=O,0.978601,0.4459737
O=C(Nc1ccccc1)N(Cc1ccc(Cl)cc1)C1CCCC1,2.526339277389844,EC10,GRO,O=C(Nc1ccccc1)N(Cc1ccc(Cl)cc1)C1CCCC1,-0.77064043,0.16957413,,,1,1,O=C(Nc1ccccc1)N(Cc1ccc(Cl)cc1)C1CCCC1,1.0,0.47768536
CCC(CC)Nc1c([N+](=O)[O-])cc(C)c(C)c1[N+](=O)[O-],2.526339277389844,EC10,GRO,CCC(CC)Nc1c([N+](=O)[O-])cc(C)c(C)c1[N+](=O)[O-],-3.7714844,0.00016924492,,,1,1,CCC(CC)Nc1c([N+](=O)[O-])cc(C)c(C)c1[N+](=O)[O-],1.0,0.31646165
CC(=O)CCCCn1c(=O)c2c(ncn2C)n(C)c1=O,2.526339277389844,EC10,GRO,CC(=O)CCCCn1c(=O)c2c(ncn2C)n(C)c1=O,-1.9523783,0.011158909,,,0,0,Cn1c(=O)c2c(ncn2C)n(C)c1=O,0.96796,0.43356797
O=C(O)C(F)(F)C(F)(F)C(F)(F)F,2.526339277389844,EC10,GRO,O=C(O)C(F)(F)C(F)(F)C(F)(F)F,0.5802405,3.804,,,0,0,O=C(O)C(F)(F)C(F)(F)C(F)(F)C(F)(F)F,0.994028,0.43147334
O=C(O)C(F)(F)C(F)(F)C(F)(F)C(F)(F)C(F)(F)C(F)(F)F,2.526339277389844,EC10,GRO,O=C(O)C(F)(F)C(F)(F)C(F)(F)C(F)(F)C(F)(F)C(F)(F)F,0.76585746,5.832536,,,0,0,O=C(O)C(F)(F)C(F)(F)C(F)(F)C(F)(F)C(F)(F)C(F)(F)C(F)(F)F,0.99134094,0.40236884
O=C(O)C(F)(F)C(F)(F)C(F)(F)C(F)(F)C(F)(F)F,2.526339277389844,EC10,GRO,O=C(O)C(F)(F)C(F)(F)C(F)(F)C(F)(F)C(F)(F)F,0.75756955,5.7222857,,,1,0,O=C(O)C(F)(F)C(F)(F)C(F)(F)C(F)(F)C(F)(F)F,1.0000005,0.42163405
O=S(=O)(O)C(F)(F)C(F)(F)C(F)(F)C(F)(F)C(F)(F)C(F)(F)C(F)(F)C(F)(F)F,2.526339277389844,EC10,GRO,O=S(=O)(O)C(F)(F)C(F)(F)C(F)(F)C(F)(F)C(F)(F)C(F)(F)C(F)(F)C(F)(F)F,-0.6492087,0.22428037,,,1,1,O=S(=O)(O)C(F)(F)C(F)(F)C(F)(F)C(F)(F)C(F)(F)C(F)(F)C(F)(F)C(F)(F)F,1.0000001,0.46896613
CCOCCN(C(=O)CCl)C(=C(C)C)c1ccccc1,2.526339277389844,EC10,GRO,CCOCCN(C(=O)CCl)C(=C(C)C)c1ccccc1,-1.1967847,0.06356459,,,0,0,Clc1cc(Cl)c(Cl)cc1Cl,0.83032286,0.37548485
Cc1cc(=O)n(-c2ccccc2)n1C,2.526339277389844,EC10,GRO,Cc1cc(=O)n(-c2ccccc2)n1C,-1.2909957,0.051168688,,,0,0,CN(C)C(=O)Nc1cccc(C(F)(F)F)c1,0.9319643,0.48268795
O=S(=O)(O)c1ccc2nc(-c3ccccc3)[nH]c2c1,2.526339277389844,EC10,GRO,O=S(=O)(O)c1ccc2nc(-c3ccccc3)[nH]c2c1,1.3013157,20.013159,,,0,0,O=c1nc(-c2ccccc2)[nH]c(-c2ccccc2)n1,0.95133924,0.45475814
CCC(C(N)=O)(C(N)=O)c1ccccc1,2.526339277389844,EC10,GRO,CCC(C(N)=O)(C(N)=O)c1ccccc1,0.20315142,1.5964357,,,0,0,CC1(CO)CN(c2ccccc2)NC1=O,0.7769805,0.37239608
O=C(CCc1ccc(O)cc1)c1c(O)cc(O)cc1O,2.526339277389844,EC10,GRO,O=C(CCc1ccc(O)cc1)c1c(O)cc(O)cc1O,0.5130626,3.2588367,,,0,0,O=Cc1ccc(O)cc1O,0.8999338,0.40896824
O=C(Nc1ccc(F)cc1)c1cccc(Oc2cccc(C(F)(F)F)c2)n1,2.526339277389844,EC10,GRO,O=C(Nc1ccc(F)cc1)c1cccc(Oc2cccc(C(F)(F)F)c2)n1,-1.284293,0.05196452,,,0,0,CCOc1cc(C(C)(C)C)ccc1C1COC(c2c(F)cccc2F)=N1,0.8143096,0.32053477
CC(C)NCC(O)COc1cccc2[nH]ccc12,2.526339277389844,EC10,GRO,CC(C)NCC(O)COc1cccc2[nH]ccc12,-1.2244737,0.05963844,,,0,0,CC(C)NCC(O)COc1cccc2ccccc12,0.8332398,0.3786815
NC(=O)C1(N2CCCCC2)CCN(CCCC(=O)c2ccc(F)cc2)CC1,2.526339277389844,EC10,GRO,NC(=O)C1(N2CCCCC2)CCN(CCCC(=O)c2ccc(F)cc2)CC1,-0.7577583,0.1746794,,,0,0,CCOC(=O)c1ccccc1S(=O)(=O)NC(=O)Nc1nc(Cl)cc(OC)n1,0.6246263,0.3097756
O=C(/C=C/C=C/c1ccc2c(c1)OCO2)N1CCCCC1,2.526339277389844,EC10,GRO,O=C(/C=C/C=C/c1ccc2c(c1)OCO2)N1CCCCC1,-0.07214253,0.84694946,,,0,0,O=C(/C=C/C=C/c1ccc2c(c1)OCO2)N1CCCCC1,1.0,0.43443486
CCCCOCCOCCOCc1cc2c(cc1CCC)OCO2,2.526339277389844,EC10,GRO,CCCCOCCOCCOCc1cc2c(cc1CCC)OCO2,-0.6323921,0.23313522,,,1,1,CCCCOCCOCCOCc1cc2c(cc1CCC)OCO2,1.0000001,0.46684518
Cc1nc(N(C)C)nc(OC(=O)N(C)C)c1C,2.526339277389844,EC10,GRO,Cc1nc(N(C)C)nc(OC(=O)N(C)C)c1C,1.1928478,15.590062,,,1,1,Cc1nc(N(C)C)nc(OC(=O)N(C)C)c1C,1.0000004,0.46335188
CC[C@H](C)C(=O)O[C@H]1C[C@H](O)C=C2C=C[C@H](C)[C@H](CC[C@@H](O)C[C@@H](O)CC(=O)O)[C@H]21,2.526339277389844,EC10,GRO,CC[C@H](C)C(=O)O[C@H]1C[C@H](O)C=C2C=C[C@H](C)[C@H](CC[C@@H](O)C[C@@H](O)CC(=O)O)[C@H]21,-3.3695512,0.0004270206,,,0,0,CC[C@H](C)C(=O)O[C@H]1C[C@@H](C)C=C2C=C[C@H](C)[C@H](CC[C@@H]3C[C@@H](O)CC(=O)O3)[C@H]21,0.9495907,-0.16134924
CCC1(c2ccccc2)C(=O)NCNC1=O,2.526339277389844,EC10,GRO,CCC1(c2ccccc2)C(=O)NCNC1=O,-1.0029826,0.099315576,,,0,0,CCC1(c2ccccc2)C(=O)NC(=O)NC1=O,0.9355441,0.4453475
CCCN(CCOc1c(Cl)cc(Cl)cc1Cl)C(=O)n1ccnc1,2.526339277389844,EC10,GRO,CCCN(CCOc1c(Cl)cc(Cl)cc1Cl)C(=O)n1ccnc1,-0.5834877,0.26092297,,,1,1,CCCN(CCOc1c(Cl)cc(Cl)cc1Cl)C(=O)n1ccnc1,1.0000001,0.37819904
CCCOC(=O)NCCCN(C)C,2.526339277389844,EC10,GRO,CCCOC(=O)NCCCN(C)C,-0.42339453,0.37722936,,,0,0,CCN(CC)c1ccccc1,0.93601775,0.49913976
C#CCOS(=O)OC1CCCCC1Oc1ccc(C(C)(C)C)cc1,2.526339277389844,EC10,GRO,C#CCOS(=O)OC1CCCCC1Oc1ccc(C(C)(C)C)cc1,-1.7272973,0.018737113,,,1,1,C#CCOS(=O)OC1CCCCC1Oc1ccc(C(C)(C)C)cc1,1.0000002,0.22802354
CCCC1COC(Cn2cncn2)(c2ccc(Cl)cc2Cl)O1,2.526339277389844,EC10,GRO,CCCC1COC(Cn2cncn2)(c2ccc(Cl)cc2Cl)O1,-0.4170213,0.38280597,,,1,1,CCCC1COC(Cn2cncn2)(c2ccc(Cl)cc2Cl)O1,0.9999998,0.4259019
CC(C)NCC(O)COc1cccc2ccccc12,2.526339277389844,EC10,GRO,CC(C)NCC(O)COc1cccc2ccccc12,-1.5850523,0.025998468,,,1,1,CC(C)NCC(O)COc1cccc2ccccc12,0.9999995,0.3999701
Cc1c(C(C)C)c(=O)n(-c2ccccc2)n1C,2.526339277389844,EC10,GRO,Cc1c(C(C)C)c(=O)n(-c2ccccc2)n1C,-1.5147243,0.030568615,,,0,0,Cn1c(=O)c2c(ncn2C)n(C)c1=O,0.93884784,0.4648367
C#CC(C)(C)NC(=O)c1cc(Cl)cc(Cl)c1,2.526339277389844,EC10,GRO,C#CC(C)(C)NC(=O)c1cc(Cl)cc(Cl)c1,-0.8898339,0.12887423,,,1,0,C#CC(C)(C)NC(=O)c1cc(Cl)cc(Cl)c1,0.9999998,0.42779908
CCCN(CCC)C(=O)SCc1ccccc1,2.526339277389844,EC10,GRO,CCCN(CCC)C(=O)SCc1ccccc1,-1.9081454,0.012355336,,,1,1,CCCN(CCC)C(=O)SCc1ccccc1,1.0,0.41286272
OC(Cc1ccccc1Cl)(Cn1cncn1)C1(Cl)CC1,2.526339277389844,EC10,GRO,OC(Cc1ccccc1Cl)(Cn1cncn1)C1(Cl)CC1,-0.49473393,0.32008553,,,0,0,FC(F)C(F)(F)OCC(Cn1cncn1)c1ccc(Cl)cc1Cl,0.9578932,0.43634504
Cc1cnc2c(C(=O)O)c(Cl)ccc2c1,2.526339277389844,EC10,GRO,Cc1cnc2c(C(=O)O)c(Cl)ccc2c1,1.3519185,22.486324,,,0,0,Cc1cnc2c(C(=O)O)c(Cl)ccc2c1,1.0,0.4614784
c1ccc2ncccc2c1,2.526339277389844,EC10,GRO,c1ccc2ncccc2c1,0.338836,2.181906,,,0,0,c1ccc2ncccc2c1,0.99999964,0.53918636
[O-][n+]1cccc2ccccc21,2.526339277389844,EC10,GRO,[O-][n+]1cccc2ccccc21,0.1390445,1.3773506,,,0,0,C=CCC1(C(C)CCC)C(=O)[N-]C(=O)NC1=O.[Na+],0.6247281,0.35824767
O=C(c1ccc(OCCN2CCCCC2)cc1)c1c(-c2ccc(O)cc2)sc2cc(O)ccc12,2.526339277389844,EC10,GRO,O=C(c1ccc(OCCN2CCCCC2)cc1)c1c(-c2ccc(O)cc2)sc2cc(O)ccc12,-1.8955177,0.012719858,,,0,0,CCOP(=S)(Oc1ccc([N+](=O)[O-])cc1)c1ccccc1,0.7216468,0.18742718
CNC(=C[N+](=O)[O-])NCCSCc1ccc(CN(C)C)o1,2.526339277389844,EC10,GRO,CNC(=C[N+](=O)[O-])NCCSCc1ccc(CN(C)C)o1,-0.5004384,0.3159087,,,0,0,OC(Cn1cncn1)(Cn1cncn1)c1ccc(F)cc1F,0.80390966,0.39910918
CC[C@H]1OC(=O)[C@H](C)[C@@H](OC2CC(C)(OC)C(O)C(C)O2)[C@H](C)[C@@H](OC2OC(C)CC(N(C)C)C2O)[C@](C)(O)C[C@@H](C)/C(=N\OCOCCOC)[C@H](C)[C@@H](O)[C@]1(C)O,2.526339277389844,EC10,GRO,CC[C@H]1OC(=O)[C@H](C)[C@@H](OC2CC(C)(OC)C(O)C(C)O2)[C@H](C)[C@@H](OC2OC(C)CC(N(C)C)C2O)[C@](C)(O)C[C@@H](C)/C(=N\OCOCCOC)[C@H](C)[C@@H](O)[C@]1(C)O,-0.8372048,0.14547728,,,0,0,COC(=O)N(C(=O)N1CO[C@@]2(C(=O)OC)Cc3cc(Cl)ccc3C2=N1)c1ccc(OC(F)(F)F)cc1,0.57155097,0.21578403
O=C1NS(=O)(=O)c2ccccc21,2.526339277389844,EC10,GRO,O=C1NS(=O)(=O)c2ccccc21,1.0594136,11.4660425,,,0,0,CS(=O)(=O)Nc1ccccc1Oc1ccccc1,0.9472723,0.45869717
CCCC[N+]1(C)[C@@H]2C[C@@H](OC(=O)[C@H](CO)c3ccccc3)C[C@H]1[C@@H]1O[C@@H]12,2.526339277389844,EC10,GRO,CCCC[N+]1(C)[C@H]2C[C@H](OC(=O)[C@H](CO)c3ccccc3)C[C@@H]1[C@H]1O[C@@H]21,0.21905084,1.6559638,,,0,0,CC(=O)[O-].COc1ccc(CNN=CC2=[N+](C)c3ccccc3C2(C)C)cc1,0.8526656,0.42234677
C=CCC1(C(C)CCC)C(=O)NC(=O)NC1=O,2.526339277389844,EC10,GRO,C=CCC1(C(C)CCC)C(=O)NC(=O)NC1=O,-0.07315159,0.8449839,,,0,0,CCC1(CCC(C)C)C(=O)NC(=O)NC1=O,0.92742443,0.47160384
CN[C@H]1CC[C@@H](c2ccc(Cl)c(Cl)c2)c2ccccc21,2.526339277389844,EC10,GRO,CN[C@H]1CC[C@@H](c2ccc(Cl)c(Cl)c2)c2ccccc21,-1.1817106,0.06580962,,,1,0,CN[C@H]1CC[C@@H](c2ccc(Cl)c(Cl)c2)c2ccccc21,1.0,0.22340822
CCCc1nn(C)c2c(=O)[nH]c(-c3cc(S(=O)(=O)N4CCN(C)CC4)ccc3OCC)nc12,2.526339277389844,EC10,GRO,CCCc1nn(C)c2c(=O)[nH]c(-c3cc(S(=O)(=O)N4CCN(C)CC4)ccc3OCC)nc12,-0.8858557,0.13006017,,,0,0,CCS(=O)(=O)c1nc2ccccn2c1S(=O)(=O)NC(=O)Nc1nc(OC)cc(OC)n1,0.8804587,0.35641617
CCNc1nc(Cl)nc(NCC)n1,2.526339277389844,EC10,GRO,CCNc1nc(Cl)nc(NCC)n1,0.059310824,1.146333,,,1,1,CCNc1nc(Cl)nc(NCC)n1,0.9999999,0.52916336
CCNc1nc(NCC)nc(SC)n1,2.526339277389844,EC10,GRO,CCNc1nc(NCC)nc(SC)n1,0.2560999,1.8034326,,,0,0,CCNc1nc(NCC)nc(SC)n1,1.0000002,0.52503973
CC(C)NCC(O)c1ccc(NS(C)(=O)=O)cc1,2.526339277389844,EC10,GRO,CC(C)NCC(O)c1ccc(NS(C)(=O)=O)cc1,1.3793291,23.9513,,,0,0,CCCN(CCC)c1c([N+](=O)[O-])cc(S(C)(=O)=O)cc1[N+](=O)[O-],0.92930925,0.44363016
CC[C@H]1CCC[C@H](O[C@H]2CC[C@H](N(C)C)[C@@H](C)O2)[C@@H](C)C(=O)C2=C[C@@H]3[C@@H](C=C[C@@H]4C[C@@H](O[C@@H]5O[C@@H](C)[C@H](OC)[C@@H](OC)[C@H]5OC)C[C@@H]34)[C@@H]2CC(=O)O1,2.526339277389844,EC10,GRO,CC[C@H]1CCC[C@H](O[C@H]2CC[C@H](N(C)C)[C@@H](C)O2)[C@@H](C)C(=O)C2=C[C@@H]3[C@@H](C=C[C@@H]4C[C@@H](O[C@@H]5O[C@@H](C)[C@H](OC)[C@@H](OC)[C@H]5OC)C[C@@H]34)[C@@H]2CC(=O)O1,-1.015765,0.09643508,,,0,0,C/C=C(/C)C(=O)O[C@H]1CC[C@@]2(C)[C@@H]3CC[C@@H]4[C@@]2(C[C@@]2(O)[C@@H]5CN6C[C@@H](C)CC[C@H]6[C@@](C)(O)[C@@]5(O)[C@@H](O)C[C@@]42O)O[C@]13O,0.69283754,0.12240981
CCCN(CC)CC1COC2(CCC(C(C)(C)C)CC2)O1,2.526339277389844,EC10,GRO,CCCN(CC)CC1COC2(CCC(C(C)(C)C)CC2)O1,-3.1123588,0.0007720425,,,1,1,CCCN(CC)CC1COC2(CCC(C(C)(C)C)CC2)O1,1.0000002,0.42450812
OC[C@H]1O[C@H](O[C@]2(CCl)O[C@H](CCl)[C@@H](O)[C@@H]2O)[C@H](O)[C@@H](O)[C@H]1Cl,2.526339277389844,EC10,GRO,OC[C@H]1O[C@H](O[C@]2(CCl)O[C@H](CCl)[C@@H](O)[C@@H]2O)[C@H](O)[C@@H](O)[C@H]1Cl,2.5431035,349.2235,,,0,0,OC[C@H]1O[C@H](O[C@]2(CO)O[C@H](CO)[C@@H](O)[C@@H]2O)[C@H](O)[C@@H](O)[C@@H]1O,0.9675909,0.21831612
COc1cc(NS(=O)(=O)c2ccc(N)cc2)nc(OC)n1,2.526339277389844,EC10,GRO,COc1cc(NS(=O)(=O)c2ccc(N)cc2)nc(OC)n1,-0.36310723,0.43340385,,,0,0,CN(C)C(CSS(=O)(=O)c1ccccc1)CSS(=O)(=O)c1ccccc1,0.82090735,0.44041088
Cc1cc(C)nc(NS(=O)(=O)c2ccc(N)cc2)n1,2.526339277389844,EC10,GRO,Cc1cc(C)nc(NS(=O)(=O)c2ccc(N)cc2)n1,1.6977193,49.85622,,,0,0,CC(=O)Nc1cc(NS(=O)(=O)C(F)(F)F)c(C)cc1C.OCCNCCO,0.98011047,0.41847065
Cc1cc(NS(=O)(=O)c2ccc(N)cc2)no1,2.526339277389844,EC10,GRO,Cc1cc(NS(=O)(=O)c2ccc(N)cc2)no1,-0.22678125,0.59322405,,,1,1,Cc1cc(NS(=O)(=O)c2ccc(N)cc2)no1,1.0000002,0.19829889
Nc1ccc(S(=O)(=O)Nc2ccccn2)cc1,2.526339277389844,EC10,GRO,Nc1ccc(S(=O)(=O)Nc2ccccn2)cc1,-0.20552287,0.62298435,,,0,0,CC1=NN(c2ccccc2)C(=O)C1,0.84372383,0.46624866
Nc1ccc(S(=O)(=O)Nc2nccs2)cc1,2.526339277389844,EC10,GRO,Nc1ccc(S(=O)(=O)Nc2nccs2)cc1,-0.031737033,0.9295291,,,0,0,Cc1ccc(S(=O)(=O)n2ccnc2)cc1,0.85561734,0.47925022
O=P(OC(CCl)CCl)(OC(CCl)CCl)OC(CCl)CCl,2.526339277389844,EC10,GRO,O=P(OC(CCl)CCl)(OC(CCl)CCl)OC(CCl)CCl,-1.6911216,0.02036472,,,1,1,O=P(OC(CCl)CCl)(OC(CCl)CCl)OC(CCl)CCl,0.9999994,0.42671648
CC(C)CC(C)(O)C#CC(C)(O)CC(C)C,2.526339277389844,EC10,GRO,CC(C)CC(C)(O)C#CC(C)(O)CC(C)C,1.0941682,12.421332,,,0,0,CC(C)CC(C)(O)CCC(C)(O)CC(C)C,0.9112115,0.46922043
C=CC[C@@H]1C=C(C)C[C@H](C)C[C@H](OC)[C@H]2O[C@@](O)(C(=O)C(=O)N3CCCC[C@H]3C(=O)O[C@H](/C(C)=C/[C@@H]3CC[C@@H](O)[C@H](OC)C3)[C@H](C)[C@@H](O)CC1=O)[C@H](C)C[C@@H]2OC,2.526339277389844,EC10,GRO,C=CC[C@@H]1C=C(C)C[C@H](C)C[C@H](OC)[C@H]2O[C@@](O)(C(=O)C(=O)N3CCCC[C@H]3C(=O)O[C@H](/C(C)=C/[C@@H]3CC[C@@H](O)[C@H](OC)C3)[C@H](C)[C@@H](O)CC1=O)[C@H](C)C[C@@H]2OC,-0.85413605,0.1399149,,,0,0,CC(=O)O[C@]1(C(C)=O)CC[C@H]2[C@@H]3C=C(Cl)C4=CC(=O)[C@@H]5C[C@@H]5[C@]4(C)[C@H]3CC[C@@]21C,0.6969728,0.18550153
CC(C)(C)C(O)(CCc1ccc(Cl)cc1)Cn1cncn1,2.526339277389844,EC10,GRO,CC(C)(C)C(O)(CCc1ccc(Cl)cc1)Cn1cncn1,-0.38621828,0.41094312,,,1,1,CC(C)(C)C(O)(CCc1ccc(Cl)cc1)Cn1cncn1,0.9999999,0.4919403
CCCc1nc2c(C)cc(-c3nc4ccccc4n3C)cc2n1Cc1ccc(-c2ccccc2C(=O)O)cc1,2.526339277389844,EC10,GRO,CCCc1nc2c(C)cc(-c3nc4ccccc4n3C)cc2n1Cc1ccc(-c2ccccc2C(=O)O)cc1,-0.9109552,0.122756585,,,0,0,c1ccc(CNc2ncnc3c2ncn3C2CCCCO2)cc1,0.71058905,0.37247154
CN1C(=O)C(O)N=C(c2ccccc2)c2cc(Cl)ccc21,2.526339277389844,EC10,GRO,CN1C(=O)C(O)N=C(c2ccccc2)c2cc(Cl)ccc21,-3.1651607,0.0006836587,,,1,1,CN1C(=O)C(O)N=C(c2ccccc2)c2cc(Cl)ccc21,0.99999976,-0.09865947
CCNc1nc(Cl)nc(NC(C)(C)C)n1,2.526339277389844,EC10,GRO,CCNc1nc(Cl)nc(NC(C)(C)C)n1,-0.98031205,0.104637645,,,1,1,CCNc1nc(Cl)nc(NC(C)(C)C)n1,1.0000002,0.46563077
CCNc1nc(NC(C)(C)C)[nH]c(=O)n1,2.526339277389844,EC10,GRO,CCNc1nc(NC(C)(C)C)[nH]c(=O)n1,0.6390353,4.3554726,,,0,0,CCCCc1c(C)[nH]c(N(C)C)nc1=O,0.9141441,0.47780693
CCNc1nc(NC(C)(C)C)nc(SC)n1,2.526339277389844,EC10,GRO,CCNc1nc(NC(C)(C)C)nc(SC)n1,-0.007014256,0.9839788,,,1,0,CCNc1nc(NC(C)(C)C)nc(SC)n1,1.0000005,0.36932465
CC(=O)N(CCN(C(C)=O)C(C)=O)C(C)=O,2.526339277389844,EC10,GRO,CC(=O)N(CCN(C(C)=O)C(C)=O)C(C)=O,2.0281856,106.70521,,,1,0,CC(=O)N(CCN(C(C)=O)C(C)=O)C(C)=O,1.0000001,0.37175187
CCCC[N+](CCCC)(CCCC)CCCC,2.526339277389844,EC10,GRO,CCCC[N+](CCCC)(CCCC)CCCC,1.8267932,67.110916,,,0,0,CCCC[N+](CCCC)(CCCC)CCCC.[Br-],0.9819281,0.40656883
CCCCNc1ccc(C(=O)OCCN(C)C)cc1,2.526339277389844,EC10,GRO,CCCCNc1ccc(C(=O)OCCN(C)C)cc1,-1.1389986,0.072610825,,,0,0,NC(N)=NCCCCCCCCNCCCCCCCCN=C(N)N,0.8979769,0.45036763
CCCCOCCOCCOCCOCCO,2.526339277389844,EC10,GRO,CCCCOCCOCCOCCOCCO,0.1931223,1.5599917,,,0,0,OCCCCO,0.9605323,0.46309033
COCCOCCOCCOCCOC,2.526339277389844,EC10,GRO,COCCOCCOCCOCCOC,0.123334944,1.3284186,,,0,0,OCCCCO,0.9805409,0.48327535
CN(C)C(=S)SC(=S)N(C)C,2.526339277389844,EC10,GRO,CN(C)C(=S)SC(=S)N(C)C,-2.240207,0.0057516578,,,0,0,CN(C)C(=S)SC(=S)N(C)C,1.0000001,0.36985517
Cn1cnc2c1c(=O)[nH]c(=O)n2C,2.526339277389844,EC10,GRO,Cn1cnc2c1c(=O)[nH]c(=O)n2C,-1.0519233,0.088731274,,,0,0,Cn1c(=O)c2c(ncn2C)n(C)c1=O,0.96412265,0.44225454
c1ccc2[nH]c(-c3cscn3)nc2c1,2.526339277389844,EC10,GRO,c1ccc2[nH]c(-c3cscn3)nc2c1,-0.35913894,0.43738216,,,1,0,c1ccc2[nH]c(-c3cscn3)nc2c1,0.9999999,0.50161564
N#CN=C1SCCN1Cc1ccc(Cl)nc1,2.526339277389844,EC10,GRO,N#CN=C1SCCN1Cc1ccc(Cl)nc1,-1.9713874,0.010681017,,,1,0,N#CN=C1SCCN1Cc1ccc(Cl)nc1,1.0000001,0.4090896
NC(=O)N=C1SCCN1Cc1ccc(Cl)nc1,2.526339277389844,EC10,GRO,NC(=O)N=C1SCCN1Cc1ccc(Cl)nc1,-1.4655336,0.034234688,,,0,0,N#CN=C1SCCN1Cc1ccc(Cl)nc1,0.8927739,0.4489947
CN1COCN(Cc2cnc(Cl)s2)/C1=N/[N+](=O)[O-],2.526339277389844,EC10,GRO,CN1COCN(Cc2cnc(Cl)s2)/C1=N/[N+](=O)[O-],1.9567071,90.5122,,,1,0,CN1COCN(Cc2cnc(Cl)s2)/C1=N/[N+](=O)[O-],1.0000002,0.35385096
COC(=O)NC(=S)Nc1ccccc1NC(=S)NC(=O)OC,2.526339277389844,EC10,GRO,COC(=O)NC(=S)Nc1ccccc1NC(=S)NC(=O)OC,-0.43005103,0.37149158,,,1,0,COC(=O)NC(=S)Nc1ccccc1NC(=S)NC(=O)OC,1.0,0.5129257
Cc1cccc(Nc2ccncc2S(=O)(=O)NC(=O)NC(C)C)c1,2.526339277389844,EC10,GRO,Cc1cccc(Nc2ccncc2S(=O)(=O)NC(=O)NC(C)C)c1,0.5939233,3.9257557,,,0,0,COc1ccc(Cl)cc1C(=O)NCCc1ccc(S(=O)(=O)NC(=O)NC2CCCCC2)cc1,0.9649384,0.47331756
COc1cccc([C@@]2(O)CCCC[C@@H]2CN(C)C)c1,2.526339277389844,EC10,GRO,COc1cccc([C@@]2(O)CCCC[C@@H]2CN(C)C)c1,-0.97936314,0.10486652,,,0,0,COc1cccc([C@@]2(O)CCCC[C@@H]2CN(C)C)c1.[Cl-].[H+],0.8643365,0.3847861
CCCCOCCOP(=O)(OCCOCCCC)OCCOCCCC,2.526339277389844,EC10,GRO,CCCCOCCOP(=O)(OCCOCCCC)OCCOCCCC,-0.42181885,0.37860048,,,1,1,CCCCOCCOP(=O)(OCCOCCCC)OCCOCCCC,1.0000002,0.5323544
CC(=O)OCC(COC(C)=O)OC(C)=O,2.526339277389844,EC10,GRO,CC(=O)OCC(COC(C)=O)OC(C)=O,1.8403593,69.24036,,,1,0,CC(=O)OCC(COC(C)=O)OC(C)=O,1.0,0.42191932
CC(C)COP(=O)(OCC(C)C)OCC(C)C,2.526339277389844,EC10,GRO,CC(C)COP(=O)(OCC(C)C)OCC(C)C,-0.458611,0.34784758,,,0,0,CC(C)COP(=O)(OCC(C)C)OCC(C)C,1.0,0.5329971
O=C(Nc1ccc(Cl)cc1)Nc1ccc(Cl)c(Cl)c1,2.526339277389844,EC10,GRO,O=C(Nc1ccc(Cl)cc1)Nc1ccc(Cl)c(Cl)c1,-2.7651353,0.0017173734,,,1,1,O=C(Nc1ccc(Cl)cc1)Nc1ccc(Cl)c(Cl)c1,1.0,0.10640782
Oc1cc(Cl)ccc1Oc1ccc(Cl)cc1Cl,2.526339277389844,EC10,GRO,Oc1cc(Cl)ccc1Oc1ccc(Cl)cc1Cl,-1.0399098,0.09122002,,,1,1,Oc1cc(Cl)ccc1Oc1ccc(Cl)cc1Cl,1.0,0.29045287
Cc1ccc(OP(=O)(Oc2ccc(C)cc2)Oc2ccc(C)cc2)cc1,2.526339277389844,EC10,GRO,Cc1ccc(OP(=O)(Oc2ccc(C)cc2)Oc2ccc(C)cc2)cc1,-3.2566276,0.0005538249,,,1,1,Cc1ccc(OP(=O)(Oc2ccc(C)cc2)Oc2ccc(C)cc2)cc1,1.0,0.38952607
CCOP(=O)(OCC)OCC,2.526339277389844,EC10,GRO,CCOP(=O)(OCC)OCC,1.8981291,79.09137,,,1,0,CCOP(=O)(OCC)OCC,1.0,0.3677723
CCOC(=O)CC(O)(CC(=O)OCC)C(=O)OCC,2.526339277389844,EC10,GRO,CCOC(=O)CC(O)(CC(=O)OCC)C(=O)OCC,1.4537455,28.427946,,,1,0,CCOC(=O)CC(O)(CC(=O)OCC)C(=O)OCC,0.99999976,0.42107627
CO/N=C(\C(=O)OC)c1ccccc1CO/N=C(\C)c1cccc(C(F)(F)F)c1,2.526339277389844,EC10,GRO,CO/N=C(\C(=O)OC)c1ccccc1CO/N=C(\C)c1cccc(C(F)(F)F)c1,-1.6142554,0.024307739,,,1,1,CO/N=C(\C(=O)OC)c1ccccc1CO/N=C(\C)c1cccc(C(F)(F)F)c1,1.0,0.070796594
CO/N=C(\C(=O)O)c1ccccc1CO/N=C(\C)c1cccc(C(F)(F)F)c1,2.526339277389844,EC10,GRO,CO/N=C(\C(=O)O)c1ccccc1CO/N=C(\C)c1cccc(C(F)(F)F)c1,-1.5971289,0.025285475,,,0,0,CO/N=C(\C(=O)OC)c1ccccc1CO/N=C(\C)c1cccc(C(F)(F)F)c1,0.9478624,0.06179895
O=S(=O)(O)C(F)(F)F,2.526339277389844,EC10,GRO,O=S(=O)(O)C(F)(F)F,2.1285427,134.44438,,,0,0,FC(F)(F)CC(F)(F)F,0.98078936,0.34306824
COCCOCCOCCOC,2.526339277389844,EC10,GRO,COCCOCCOCCOC,0.8832486,7.642732,,,0,0,CCCCCCCCCCBr,0.9765514,0.50200003
COc1cc(Cc2cnc(N)nc2N)cc(OC)c1OC,2.526339277389844,EC10,GRO,COc1cc(Cc2cnc(N)nc2N)cc(OC)c1OC,-0.70576257,0.19689624,,,1,1,COc1cc(Cc2cnc(N)nc2N)cc(OC)c1OC,1.0000001,0.15420572
CCCCCCCC[N+](C)(C)C,2.526339277389844,EC10,GRO,CCCCCCCC[N+](C)(C)C,-0.46615595,0.34185666,,,0,0,CCCCCCCCCCCCCC[N+](C)(C)[O-],0.9213121,0.433659
O=P(Oc1ccccc1)(Oc1ccccc1)Oc1ccccc1,2.526339277389844,EC10,GRO,O=P(Oc1ccccc1)(Oc1ccccc1)Oc1ccccc1,-1.0414445,0.09089824,,,1,1,O=P(Oc1ccccc1)(Oc1ccccc1)Oc1ccccc1,1.0000002,0.3137001
O=P(c1ccccc1)(c1ccccc1)c1ccccc1,2.526339277389844,EC10,GRO,O=P(c1ccccc1)(c1ccccc1)c1ccccc1,0.34285286,2.2021801,,,1,0,O=P(c1ccccc1)(c1ccccc1)c1ccccc1,1.0,0.48916662
CCCOP(=O)(OCCC)OCCC,2.526339277389844,EC10,GRO,CCCOP(=O)(OCCC)OCCC,2.0636926,115.79574,,,0,0,CCCOP(=O)(OCCC)OCCC,0.99999994,0.34789318
CCCN(CCC)CCC,2.526339277389844,EC10,GRO,CCCN(CCC)CCC,0.5422058,3.4850245,,,1,0,CCCN(CCC)CCC,1.0000002,0.515303
CC(CCl)OP(=O)(OC(C)CCl)OC(C)CCl,2.526339277389844,EC10,GRO,CC(CCl)OP(=O)(OC(C)CCl)OC(C)CCl,-0.13097262,0.7396519,,,1,0,CC(CCl)OP(=O)(OC(C)CCl)OC(C)CCl,1.0000001,0.51692885
O=P(OCCCl)(OCCCl)OCCCl,2.526339277389844,EC10,GRO,O=P(OCCCl)(OCCCl)OCCCl,0.28511554,1.9280378,,,1,1,O=P(OCCCl)(OCCCl)OCCCl,1.0,0.4551458
CCCCC(CC)COP(=O)(OCC(CC)CCCC)OCC(CC)CCCC,2.526339277389844,EC10,GRO,CCCCC(CC)COP(=O)(OCC(CC)CCCC)OCC(CC)CCCC,-0.9200838,0.12020324,,,0,0,COP(=O)(NC(C)=O)SC,0.9086133,0.4858594
CCCCCCOC(=O)c1ccccc1C(=O)c1ccc(N(CC)CC)cc1O,2.526339277389844,EC10,GRO,CCCCCCOC(=O)c1ccccc1C(=O)c1ccc(N(CC)CC)cc1O,-0.67145735,0.21307999,,,0,0,CCN(CC)c1ccc(C(=N)c2ccc(N(CC)CC)cc2)cc1.[Cl],0.7620854,0.30718333
CCCCC(=O)N(Cc1ccc(-c2ccccc2-c2nn[nH]n2)cc1)[C@H](C(=O)O)C(C)C,2.526339277389844,EC10,GRO,CCCCC(=O)N(Cc1ccc(-c2ccccc2-c2nn[nH]n2)cc1)[C@H](C(=O)O)C(C)C,-0.67683244,0.21045904,,,0,0,O=C(CC1NCCC[C@H]1O)Cn1cnc2cc(Br)c(Cl)cc2c1=O.[Br-].[H+],0.6977531,0.3234948
CNC(CC(C)C)C(=O)NC1C(=O)NC(CC(N)=O)C(=O)NC2C(=O)NC3C(=O)NC(C(=O)NC(C(=O)O)c4cc(O)cc(O)c4-c4cc3ccc4O)C(O)c3ccc(c(Cl)c3)Oc3cc2cc(c3OC2OC(CO)C(O)C(O)C2OC2CC(C)(N)C(O)C(C)O2)Oc2ccc(cc2Cl)C1O,2.526339277389844,EC10,GRO,CNC(CC(C)C)C(=O)NC1C(=O)NC(CC(N)=O)C(=O)NC2C(=O)NC3C(=O)NC(C(=O)NC(C(=O)O)c4cc(O)cc(O)c4-c4cc3ccc4O)C(O)c3ccc(c(Cl)c3)Oc3cc2cc(c3OC2OC(CO)C(O)C(O)C2OC2CC(C)(N)C(O)C(C)O2)Oc2ccc(cc2Cl)C1O,-0.04918697,0.892921,,,0,0,C=C[C@H]1CN2CCC1C[C@H]2[C@H](O)c1ccnc2ccc(OC)cc12.C=C[C@H]1CN2CCC1C[C@H]2[C@H](O)c1ccnc2ccc(OC)cc12.O=S(=O)(O)O,0.92462087,0.44167715
CCCc1nc(C)c2c(=O)[nH]c(-c3cc(S(=O)(=O)N4CCN(CC)CC4)ccc3OCC)nn12,2.526339277389844,EC10,GRO,CCCc1nc(C)c2c(=O)[nH]c(-c3cc(S(=O)(=O)N4CCN(CC)CC4)ccc3OCC)nn12,-0.18831995,0.6481567,,,0,0,COc1ccc(Cl)cc1C(=O)NCCc1ccc(S(=O)(=O)NC(=O)NC2CCCCC2)cc1,0.9129871,0.4089679
COc1ccc(CCN(C)CCCC(C#N)(c2ccc(OC)c(OC)c2)C(C)C)cc1OC,2.526339277389844,EC10,GRO,COc1ccc(CCN(C)CCCC(C#N)(c2ccc(OC)c(OC)c2)C(C)C)cc1OC,-0.52068484,0.30151933,,,1,1,COc1ccc(CCN(C)CCCC(C#N)(c2ccc(OC)c(OC)c2)C(C)C)cc1OC,1.0,0.42540166
CC(=O)CC(c1ccccc1)c1c(O)c2ccccc2oc1=O,2.526339277389844,EC10,GRO,CC(=O)CC(c1ccccc1)c1c(O)c2ccccc2oc1=O,-0.29318926,0.50910896,,,0,0,CC(=O)CC(c1ccccc1)c1c(O)oc2ccccc2c1=O,0.852942,0.4469818
O=C1CCCCCN1,2.526339277389844,EC10,GRO,O=C1CCCCCN1,1.8715667,74.39892,,,1,0,O=C1CCCCCN1,0.9999997,0.39840707
Cc1ccc(S(=O)(=O)O)c(C)c1,2.526339277389844,EC10,GRO,Cc1ccc(S(=O)(=O)O)c(C)c1,1.9259568,84.325096,,,0,0,Cc1cc(Cl)ccc1O[C@@H](C)C(=O)ON(C)C,0.97345835,0.4027507
Cc1ccccc1N,2.526339277389844,EC10,GRO,Cc1ccccc1N,1.9669023,92.662125,,,1,0,Cc1ccccc1N,0.9999997,0.3677901
Cc1ccc(S(N)(=O)=O)cc1,2.526339277389844,EC10,GRO,Cc1ccc(S(N)(=O)=O)cc1,2.002659,100.61415,,,0,0,Cc1ccc(S(N)(=O)=O)cc1,0.9999995,0.3685896
Cc1ccc(OS(=O)(=O)O)cc1,2.526339277389844,EC10,GRO,Cc1ccc(OS(=O)(=O)O)cc1,0.6453642,4.4194093,,,0,0,C[C@H](O)CSS(C)(=O)=O,0.9553441,0.5135522
