"Compound","EC10_ngL"
"(3-Chloro-2-hydroxypropyl)trimethylammonium",132192840
"1,2-Benzisothiazolinone",129617.3
"1,3-Dimethyl-2-imidazolidinone",17110235
"1,3-Diphenylguanidine",1379080.5
"1,3-Diphenylurea",2023171.2
"1,5-Naphthalenediamine",5773929
"1,7-Diaminophenazine",139349.13
"1-(3-carboxypropyl)-3,7-dimethylxanthine",34504.41
"1-Benzylpiperazine",681967.6
"1-Butyl-3-methyl-imidazolium",485341.97
"1-Cyclohexyl-3-phenylurea",4088498
"1-Dodecanesulfonic acid",5025895.6
"1-Ethyl-3-methyl-imidazolium",792106.3
"1-Hexanesulfonic acid",2453354.1
"10,11-Dihydro-10,11-dihydroxycarbamazepine",1600148.3
"10,11-Dihydro-10-hydroxycarbamazepine",1388321.3
"1H-Benzotriazole",5683360
"2(4-morpholinyl)benzothiazole",464938.88
"2,2,6,6-Tetramethyl-4 piperidone",14074523
"2,2,6,6-Tetramethylpiperidin-4-ol",88033585
"2,3-Epoxypropyltrimethylammonium",133707670
"2,4-Dichlorobenzoic acid",22864067
"2,4-Dichlorophenol",347982.82
"2,4-Dichlorophenoxyacetic acid",35588150
"2,4-Dinitrophenol",4454395.3
"2,6-Dichlorobenzamide",151137440
"2-(2-(2-Methoxyethoxy)ethoxy)ethanol",1354268.3
"2-(2-Pyridyl)ethanol",246669450
"2-(Methylthio)benzothiazole",611853.06
"2-Amino-1-methyl-6-phenylimidazo[4,5-b]pyridine (PhIP)",217715.6
"2-Aminobenzimidazole",1503769.8
"2-Benzothiazolesulfonic acid",177863280
"2-Hydroxyatrazine",839015.7
"2-Hydroxybenzothiazole",555992.6
"2-Hydroxycarbamazepine",922773
"2-Hydroxydesethylterbuthylazine",8511.638
"2-Hydroxyquinoline",5390840
"2-Isopropyl-6-methyl-pyrimidin-4-ol",3018887
"2-Isopropylthioxanthone",32079.652
"2-Methylbenzothiazole",669225.5
"2-Naphthalene sulfonic acid",153536150
"2-Naphthol-8-sulfonic acid",42093880
"2-Octyl-4-isothiazolin-3-one",28880.6
"3,5,6-Trichloro-2-pyridinol",252994.92
"3-Cyclohexyl-1,1-dimethylurea",617259.86
"4'-Aminoacetanilide",19228601
"4,4'-Methylene-bis(2-methyl aniline)",267325040
"4-(Dimethylamino)pyridine",1320206.9
"4-Aminoantipyrine",39949.64
"4-Aminobenzamide",54834045
"4-Fluorobenzoylpropionic acid",38552097
"4-Formyl-antipyrine",114752.85
"4-Hydroxybenzotriazole",460692.7
"4-Hydroxyquinoline",1923297.9
"4-Hydroxytamoxifen",405191.42
"4-Methylbenzylidene camphor",348292.2
"4-Nitroguaiacol",50872480
"4-Nitroquinoline-1-oxide",672259.3
"5-Chlorobenzotriazole",1337618.5
"5-Methyl-1H-benzotriazole",1396070.5
"6:2 fluorotelomer sulfonic acid",57689857
"7-(Ethylamino)-4-methylcoumarin",71228.296
"7-Amino-4-methylcoumarin",122454.9
"7-Diethylamino-4-methylcoumarin",163540.88
"Acesulfame",18138706
"Acetaminophen",3930504.3
"Acetamiprid",65191630
"Acetyl-sulfamethoxazole",864339.23
"Acridone",412718.18
"Acyclovir",8932048
"Albendazole",540148.26
"Amantadine",7867545.6
"Ametryn",856853.84
"Amidosulfobetaine-14",440150.4
"Amisulpride",96996860
"Amitriptyline",18.18739
"Amphetamine",5666453
"Anastrozole",430340.77
"Atenolol",8470354
"Atorvastatin",8705156
"Atrazine",49851.537
"Azelaic acid",52539974
"Azithromycin",122549805
"Azoxystrobin",233468.16
"Azoxystrobin acid",202024.12
"Benalaxyl",129117.89
"Bendiocarb",160861.76
"Bentazone",9015212
"Benzenesulfonic acid",84322510
"Benzidine",553100.4
"Benzimidazole",669322.6
"Benzocain",20289099
"Benzophenone-3",121974.19
"Benzophenone-4",4572426.3
"Benzothiazole",5410154
"Benzoylecgonin",144087.37
"Benzyldimethyldodecylammonium",210806.43
"Bezafibrate",109726395
"Bicalutamide",97336.59
"Bifenox free acid",14030142
"Bisoprolol",250478.74
"Bisphenol S",3815.17
"Boscalid",1921895.6
"Bupirimate",10643104
"Caffeine",8927.8715
"Candesartan",8611834
"Capecitabine",8672101
"Carbamazepine",1934415
"Carbendazim",620407.76
"Carbetamide",68053604
"Celecoxib",2464663
"Cetirizine",597130.3
"Chenodeoxycholic acid",66130190
"Chloramphenicol",256990.13
"Chloridazon",592967.15
"Chlormequat",168394040
"Chlorothalonil-4-hydroxy",1899296.8
"Chlorotoluron",1252682.2
"Cholic acid",63787320
"Cimetidine",1144147.5
"Citalopram",998.731
"Clarithromycin",138740980
"Climbazole",20470.615
"Clofibrate",197341.95
"Clofibric acid",14410344
"Clomazone",1767421.5
"Clonidine",1696996.3
"Clopidogrel",662553.4
"Clothianidin",68058220
"Clotrimazole",125090.72
"Clozapine",33523.425
"Cocaine",176920.46
"Cotinine",230799.82
"Coumestrol",1301.2089
"Cyclamate",137967240
"Cyclohexylamine",180825380
"Cyclophosphamide",113153.026
"Cyproconazole",165950.5
"Cyprodinil",343422
"Cyromazine",108169860
"DEET",80.16099
"DEET carboxylic acid",2413.2256
"Daidzein",1175.2824
"Daminozide",33238934
"Decylsulfate",7103677.3
"Denatonium",2621249
"Desethyl-napropamide",71429.66
"Desethylatrazine",316169.47
"Desethylterbutylazine",1634.8076
"Desisopropylatrazine",317361.92
"Desphenyl chloridazon",17861320
"Di-n-butyl phosphate",2685546.2
"Diacetylethylenediamine",56210890
"Diazepam",432482.78
"Diazinon",60827.83
"Dichlorprop",221400.29
"Diclofenac",157832.07
"Dicyclohexyl sulfosuccinate",165810800
"Dicyclohexylurea",16877390
"Diethofencarb",2262963.8
"Diethyleneglycolmonomethylether",1552272.1
"Difenoconazole",182124.76
"Dimethachlor CGA369873",17142694
"Dimethachlor ESA",2523150.2
"Dimethachlor OA_peak_b",31116.184
"Dimethenamid",876138.8
"Dimethenamid ESA",86295654
"Dimethenamid OA",1246628.6
"Dimethoate",982084.3
"Dimethyl-5-sulfoisophthalate",50035828
"Dimethylaminophenazone",40359.36
"Dimoxystrobin",65448.27
"Dinoseb",82950.875
"Diphenhydramine",2336572.6
"Diphenyl phosphate",118127.18
"Diuron",199.52949
"Duloxetine",107063.06
"EDDP",741152.94
"Ebastin",191051.54
"Enalapril",16530996
"Enrofloxacin",131513.34
"Ephedrine",696073.3
"Epoxiconazole",972028.7
"Eprosartan",71526.624
"Ethofumesate",12395042
"Fenofibrate",24572.449
"Fenuron",343649.86
"Fipronil",9074.651
"Fipronil desulfinyl",8282.394
"Fipronil sulfide",14140.947
"Fipronil sulfone",8842.682
"Fluconazole",134079.8
"Flufenacet",406121.25
"Flumequine",1897991.3
"Flumioxazin",624059.5
"Fluoxastrobin",64763.13
"Fluoxetine",1686.1985
"Flurtamone",2202.5802
"Fluvoxamine",895914.55
"Formetanate",202146.9
"Furosemide",84155304
"Gabapentin",68758064
"Gabapentin-Lactam",192099.78
"Genistein",3285.3205
"Glimepiride",252571
"Guanylurea",31938450
"Harman",291784.23
"Hexa(methoxymethyl)melamine",396779.8
"Hexadecylpyridinium",54975.86
"Hexadecyltrimethylammonium",82186.47
"Hexazinone",6485.088
"Hydrochlorothiazide",14033.943
"Icaridin",35901590
"Ifosfamide",1789478.4
"Imazalil",104941.13
"Imazapyr",36552390
"Imidacloprid",5764.6055
"Imidacloprid-guanidine",34943.08
"Imidacloprid-urea",17299.732
"Indole-3-acrylic acid",23940844
"Irgarol",734538.85
"Isophorone diamine",27120066
"Isophthalic acid",84453680
"Isoproturon",2162217.1
"Isoxaben",766487.5
"Ketamine",138770.65
"Ketoprofen",55405690
"Kresoxim-methyl",7344.146
"Labetalol",21357727
"Lamotrigine",57728.697
"Lauric isopropanolamide",7135987.3
"Lauryl diethanolamide",2885626.6
"Lenacil",394163.85
"Lidocaine",867.878
"Lincomycin",16463130
"Loperamide",138273.36
"Lorazepam",194854.42
"Losartan",82175.43
"Losartan Carboxylic acid",102100.73
"MCPA",731299.4
"Mebendazole",264445.66
"Mecoprop",436619.25
"Mefenamic acid",36036.09
"Melamine",18172874
"Melatonin",886715.35
"Melperon",186554.76
"Memantine",8770523
"Mepiquat",60919360
"Metalaxyl",3473737
"Metalaxyl CGA108906",12348206.5
"Metamitron-desamino",72813.705
"Metazachlor",470356.5
"Metazachlor BH479-12",32795017
"Metazachlor ESA",667649.9
"Metazachlor OA",613570
"Metformin",145235.96
"Methadone",150266.54
"Methamphetamine",2579140
"Methenamine",5073637.5
"Methimazol",84296.98
"Methiocarb sulfone",16569601
"Methiocarb-sulfoxide phenol",124890.59
"Methocarbamol",21.018297
"Methomyl",595577.7
"Methyl diethanolamine",433216430
"Methylchloroisothiazolinone",62157.545
"Methyldesphenylchloridazon",622879.6
"Metobromuron",20918304
"Metolachlor",452700.38
"Metolachlor CGA 357704",15529614
"Metolachlor CGA 368208",21553493
"Metolachlor ESA",27832285
"Metolachlor OA",824261.7
"Metolachlor-NOA 413173",50876274
"Metoprolol",1618384.6
"Metoprolol acid",14596074
"Metribuzin",12035113
"Mirtazapine",63272.63
"Monensin",352799.86
"Myclobutanil",887833.54
"Mycophenolic acid",191710.58
"N,N-Dimethyldecan-1-amide",1396131.2
"N,N-Dimethyldecylamine",439879.72
"N,N-Dimethyldodecylamine",179745.97
"N,N-Dimethyldodecylamine N-oxide",15562502
"N-Acetyl-4-aminoantipyrine",23414.772
"N-Butylbenzenesulfonamide",1058624
"N-Cyclohexyl-2-benzothiazole-amine",203852.8
"N-Ethyl-3-methylbenzamide",3688914.5
"N-Ethyl-o-toluenesulfonamide",361184.87
"N-Formyl-4-aminoantipyrine",82202.345
"N-Lauroylethanolamine",2505298.1
"N-Methyl-dicyclohexylamine",5052062
"N-Methyldodecylamine",1325850.1
"N-Phenyl-1-naphthylamine",181547.14
"Naproxen",1086149.6
"Nicosulfuron",16769.614
"Nitrendipin",129892.99
"Norfloxacin",39610.47
"Ofloxacin",210255.67
"Omethoate",1212175.7
"Oxazepam",121921.96
"Oxybutynin",71036.56
"Oxypurinol",28470106
"Palmitoylethanolamide",88149.09
"Paraxanthine",56982.5
"Pencycuron",169574.13
"Pendimethalin",169.24492
"Pentoxifylline",11158.909
"Perfluorobutanoic acid",3804000
"Perfluoroheptanoic acid",5832536
"Perfluorohexanoic acid",5722285.7
"Perfluorooctanesulfonic acid",224280.37
"Pethoxamid",63564.59
"Phenazone",51168.688
"Phenylbenzimidazole sulfonic acid",20013159
"Phenylethylmalonamide",1596435.7
"Phloretin",3258836.7
"Picolinafen",51964.52
"Pindolol",59638.44
"Pipamperone",174679.4
"Piperine",846949.46
"Piperonyl butoxide",233135.22
"Pirimicarb",15590062
"Pravastatin",427.0206
"Primidone",99315.576
"Prochloraz",260922.97
"Propamocarb",377229.36
"Propargite",18737.113
"Propiconazole",382805.97
"Propranolol",25998.468
"Propyphenazone",30568.615
"Propyzamide",128874.23
"Prosulfocarb",12355.336
"Prothioconazole-desthio",320085.53
"Quinmerac",22486324
"Quinoline",2181906
"Quinoline N-oxide",1377350.6
"Raloxifene",12719.858
"Ranitidine",315908.7
"Roxithromycin",145477.28
"Saccharin",11466042.5
"Scopolamine-N-butyl",1655963.8
"Secobarbital",844983.9
"Sertraline",65809.62
"Sidenafil",130060.17
"Simazine",1146333
"Simetryn",1803432.6
"Sotalol",23951300
"Spinosyn A",96435.08
"Spiroxamine",772.0425
"Sucralose",349223500
"Sulfadimethoxine",433403.85
"Sulfamethazine",49856220
"Sulfamethoxazole",593224.05
"Sulfapyridine",622984.35
"Sulfathiazole",929529.1
"TDCPP",20364.72
"TMDD",12421332
"Tacrolimus",139914.9
"Tebuconazole",410943.12
"Telmisartan",122756.585
"Temazepam",683.6587
"Terbuthylazine",104637.645
"Terbuthylazine-2-hydroxy",4355472.6
"Terbutryn",983978.8
"Tetraacetylethylenediamine",106705210
"Tetrabutylammonium",67110916
"Tetracain",72610.825
"Tetraethyleneglycol monobutyl ether",1559991.7
"Tetraglyme",1328418.6
"Tetramethylthiuram monosulfide",5751.6578
"Theobromine",88731.274
"Thiabendazole",437382.16
"Thiacloprid",10681.017
"Thiacloprid amide",34234.688
"Thiamethoxam",90512200
"Thiophanate-methyl",371491.58
"Torasemide",3925755.7
"Tramadol",104866.52
"Tri(butoxyethyl) phosphate",378600.48
"Triacetin",69240360
"Tributyl phosphate",347847.58
"Triclocarban",1717.3734
"Triclosan",91220.02
"Tricresylphosphate",553.8249
"Triethyl phosphate",79091370
"Triethylcitrate",28427946
"Trifloxystrobin",24307.739
"Trifloxystrobin CGA 321113",25285.475
"Trifluoromethanesulfonic acid",134444380
"Triglyme",7642732
"Trimethoprim",196896.24
"Trimethyloctylammonium",341856.66
"Triphenyl phosphate",90898.24
"Triphenylphosphine oxide",2202180.1
"Tripropyl phosphate",115795740
"Tripropylamine",3485024.5
"Tris(1-chloro-2-propyl) phosphate",739651.9
"Tris(2-chloroethyl) phosphate",1928037.8
"Tris(2-ethylhexyl) phosphate",120203.24
"Uvinul A Plus",213079.99
"Valsartan",210459.04
"Vancomycin",892921
"Vardenafil",648156.7
"Verapamil",301519.33
"Warfarin",509108.96
"epsilon-Caprolactam",74398920
"m-Xylene-4-sulfonic acid",84325096
"o-Toluidine",92662125
"p-Toluenesulfonamide",100614150
"p-Tolylsulfate",4419409.3
