cmpdname,SMILES
(3-Chloro-2-hydroxypropyl)trimethylammonium,C[N+](C)(C)CC(O)CCl
"1,2-Benzisothiazolinone",O=c1[nH]sc2ccccc12
"1,3-Dimethyl-2-imidazolidinone",CN1CCN(C)C1=O
"1,3-Diphenylguanidine",NC(=Nc1ccccc1)Nc1ccccc1
"1,3-Diphenylurea",O=C(Nc1ccccc1)Nc1ccccc1
"1,5-Naphthalenediamine",Nc1cccc2c(N)cccc12
"1,7-Diaminophenazine",Nc1ccc2nc3c(N)cccc3nc2c1
"1-(3-carboxypropyl)-3,7-dimethylxanthine",Cn1cnc2c1c(=O)n(CCCC(=O)O)c(=O)n2C
1-Benzylpiperazine,c1ccc(CN2CCNCC2)cc1
1-Butyl-3-methyl-imidazolium,CCCCn1cc[n+](C)c1
1-Cyclohexyl-3-phenylurea,O=C(Nc1ccccc1)NC1CCCCC1
1-Dodecanesulfonic acid,CCCCCCCCCCCCS(=O)(=O)O
1-Ethyl-3-methyl-imidazolium,CCn1cc[n+](C)c1
1-Hexanesulfonic acid,CCCCCCS(=O)(=O)O
"10,11-Dihydro-10,11-dihydroxycarbamazepine",NC(=O)N1c2ccccc2C(O)C(O)c2ccccc21
"10,11-Dihydro-10-hydroxycarbamazepine",NC(=O)N1c2ccccc2CC(O)c2ccccc21
1H-Benzotriazole,c1ccc2n[nH]nc2c1
2(4-morpholinyl)benzothiazole,c1ccc2sc(N3CCOCC3)nc2c1
"2,2,6,6-Tetramethyl-4 piperidone",CC1(C)CC(=O)CC(C)(C)N1
"2,2,6,6-Tetramethylpiperidin-4-ol",CC1(C)CC(O)CC(C)(C)N1
"2,3-Epoxypropyltrimethylammonium",C[N+](C)(C)CC1CO1
"2,4-Dichlorobenzoic acid",O=C(O)c1ccc(Cl)cc1Cl
"2,4-Dichlorophenol",Oc1ccc(Cl)cc1Cl
"2,4-Dichlorophenoxyacetic acid",O=C(O)COc1ccc(Cl)cc1Cl
"2,4-Dinitrophenol",O=[N+]([O-])c1ccc(O)c([N+](=O)[O-])c1
"2,6-Dichlorobenzamide",NC(=O)c1c(Cl)cccc1Cl
2-(2-(2-Methoxyethoxy)ethoxy)ethanol,COCCOCCOCCO
2-(2-Pyridyl)ethanol,OCCc1ccccn1
2-(Methylthio)benzothiazole,CSc1nc2ccccc2s1
"2-Amino-1-methyl-6-phenylimidazo[4,5-b]pyridine (PhIP)",Cn1c(N)nc2ncc(-c3ccccc3)cc21
2-Aminobenzimidazole,Nc1nc2ccccc2[nH]1
2-Benzothiazolesulfonic acid,O=S(=O)(O)c1nc2ccccc2s1
2-Hydroxyatrazine,CCNc1nc(NC(C)C)[nH]c(=O)n1
2-Hydroxybenzothiazole,Oc1nc2ccccc2s1
2-Hydroxycarbamazepine,NC(=O)N1c2ccccc2C=Cc2cc(O)ccc21
2-Hydroxydesethylterbuthylazine,CC(C)(C)Nc1nc(N)nc(O)n1
2-Hydroxyquinoline,O=c1ccc2ccccc2[nH]1
2-Isopropyl-6-methyl-pyrimidin-4-ol,Cc1cc(=O)[nH]c(C(C)C)n1
2-Isopropylthioxanthone,CC(C)c1ccc2sc3ccccc3c(=O)c2c1
2-Methylbenzothiazole,Cc1nc2ccccc2s1
2-Naphthalene sulfonic acid,O=S(=O)(O)c1ccc2ccccc2c1
2-Naphthol-8-sulfonic acid,O=S(=O)(O)c1cccc2ccc(O)cc12
2-Octyl-4-isothiazolin-3-one,CCCCCCCCn1sccc1=O
"3,5,6-Trichloro-2-pyridinol",Oc1nc(Cl)c(Cl)cc1Cl
"3-Cyclohexyl-1,1-dimethylurea",CN(C)C(=O)NC1CCCCC1
4'-Aminoacetanilide,CC(=O)Nc1ccc(N)cc1
"4,4'-Methylene-bis(2-methyl aniline)",Cc1cc(Cc2ccc(N)c(C)c2)ccc1N
4-(Dimethylamino)pyridine,CN(C)c1cc[nH+]cc1
4-Aminoantipyrine,Cc1c(N)c(=O)n(-c2ccccc2)n1C
4-Aminobenzamide,NC(=O)c1ccc(N)cc1
4-Fluorobenzoylpropionic acid,O=C(O)CCC(=O)c1ccc(F)cc1
4-Formyl-antipyrine,Cc1c(C=O)c(=O)n(-c2ccccc2)n1C
4-Hydroxybenzotriazole,Oc1cccc2[nH]nnc12
4-Hydroxyquinoline,O=c1cc[nH]c2ccccc12
4-Hydroxytamoxifen,CC/C(=C(\c1ccc(O)cc1)c1ccc(OCCN(C)C)cc1)c1ccccc1
4-Methylbenzylidene camphor,Cc1ccc(/C=C2/C(=O)C3(C)CCC2C3(C)C)cc1
4-Nitroguaiacol,COc1cc([N+](=O)[O-])ccc1O
4-Nitroquinoline-1-oxide,O=[N+]([O-])c1cc[n+]([O-])c2ccccc12
5-Chlorobenzotriazole,Clc1ccc2n[nH]nc2c1
5-Methyl-1H-benzotriazole,Cc1ccc2n[nH]nc2c1
6:2 fluorotelomer sulfonic acid,O=S(=O)(O)CCC(F)(F)C(F)(F)C(F)(F)C(F)(F)C(F)(F)C(F)(F)F
7-(Ethylamino)-4-methylcoumarin,CCNc1ccc2c(C)cc(=O)oc2c1
7-Amino-4-methylcoumarin,Cc1cc(=O)oc2cc(N)ccc12
7-Diethylamino-4-methylcoumarin,CCN(CC)c1ccc2c(C)cc(=O)oc2c1
Acesulfame,CC1=CC(=O)NS(=O)(=O)O1
Acetaminophen,CC(=O)Nc1ccc(O)cc1
Acetamiprid,CC(=NC#N)N(C)Cc1ccc(Cl)nc1
Acetyl-sulfamethoxazole,CC(=O)Nc1ccc(S(=O)(=O)Nc2cc(C)on2)cc1
Acridone,O=c1c2ccccc2[nH]c2ccccc12
Acyclovir,Nc1nc2c(ncn2COCCO)c(=O)[nH]1
Albendazole,CCCSc1ccc2nc(NC(=O)OC)[nH]c2c1
Amantadine,NC12CC3CC(CC(C3)C1)C2
Ametryn,CCNc1nc(NC(C)C)nc(SC)n1
Amidosulfobetaine-14,CCCCCCCCCCCCCC(=O)NCCC[N+](C)(C)CCCS(=O)(=O)[O-]
Amisulpride,CCN1CCCC1CNC(=O)c1cc(S(=O)(=O)CC)c(N)cc1OC
Amitriptyline,CN(C)CCC=C1c2ccccc2CCc2ccccc21
Amphetamine,C[C@H](N)Cc1ccccc1
Anastrozole,CC(C)(C#N)c1cc(Cn2cncn2)cc(C(C)(C)C#N)c1
Atenolol,CC(C)NCC(O)COc1ccc(CC(N)=O)cc1
Atorvastatin,CC(C)c1c(C(=O)Nc2ccccc2)c(-c2ccccc2)c(-c2ccc(F)cc2)n1CC[C@@H](O)C[C@@H](O)CC(=O)O
Atrazine,CCNc1nc(Cl)nc(NC(C)C)n1
Azelaic acid,O=C(O)CCCCCCCC(=O)O
Azithromycin,CC[C@H]1OC(=O)[C@H](C)[C@@H](O[C@H]2C[C@@](C)(OC)[C@@H](O)[C@H](C)O2)C(C)[C@@H](O[C@@H]2O[C@H](C)C[C@H](N(C)C)[C@H]2O)[C@](C)(O)C[C@@H](C)CN(C)[C@H](C)[C@@H](O)[C@]1(C)O
Azoxystrobin,CO/C=C(/C(=O)OC)c1ccccc1Oc1cc(Oc2ccccc2C#N)ncn1
Azoxystrobin acid,CO/C=C(/C(=O)O)c1ccccc1Oc1cc(Oc2ccccc2C#N)ncn1
Benalaxyl,COC(=O)C(C)N(C(=O)Cc1ccccc1)c1c(C)cccc1C
Bendiocarb,CNC(=O)Oc1cccc2c1OC(C)(C)O2
Bentazone,CC(C)N1C(=O)c2ccccc2NS1(=O)=O
Benzenesulfonic acid,O=S(=O)(O)c1ccccc1
Benzidine,Nc1ccc(-c2ccc(N)cc2)cc1
Benzimidazole,c1ccc2[nH]cnc2c1
Benzocain,CCOC(=O)c1ccc(N)cc1
Benzophenone-3,COc1ccc(C(=O)c2ccccc2)c(O)c1
Benzophenone-4,COc1cc(O)c(C(=O)c2ccccc2)cc1S(=O)(=O)O
Benzothiazole,c1ccc2scnc2c1
Benzoylecgonin,CN1C2CCC1C(C(=O)O)C(OC(=O)c1ccccc1)C2
Benzyldimethyldodecylammonium,CCCCCCCCCCCC[N+](C)(C)Cc1ccccc1
Bezafibrate,CC(C)(Oc1ccc(CCNC(=O)c2ccc(Cl)cc2)cc1)C(=O)O
Bicalutamide,CC(O)(CS(=O)(=O)c1ccc(F)cc1)C(=O)Nc1ccc(C#N)c(C(F)(F)F)c1
Bifenox free acid,O=C(O)c1cc(Oc2ccc(Cl)cc2Cl)ccc1[N+](=O)[O-]
Bisoprolol,CC(C)NCC(O)COc1ccc(COCCOC(C)C)cc1
Bisphenol S,O=S(=O)(c1ccc(O)cc1)c1ccc(O)cc1
Boscalid,O=C(Nc1ccccc1-c1ccc(Cl)cc1)c1cccnc1Cl
Bupirimate,CCCCc1c(C)nc(NCC)nc1OS(=O)(=O)N(C)C
Caffeine,Cn1c(=O)c2c(ncn2C)n(C)c1=O
Candesartan,CCOc1nc2cccc(C(=O)O)c2n1Cc1ccc(-c2ccccc2-c2nn[nH]n2)cc1
Capecitabine,CCCCCOC(=O)Nc1nc(=O)n([C@@H]2O[C@H](C)[C@@H](O)[C@H]2O)cc1F
Carbamazepine,NC(=O)N1c2ccccc2C=Cc2ccccc21
Carbendazim,COC(=O)Nc1nc2ccccc2[nH]1
Carbetamide,CCNC(=O)[C@H](C)OC(=O)Nc1ccccc1
Celecoxib,Cc1ccc(-c2cc(C(F)(F)F)nn2-c2ccc(S(N)(=O)=O)cc2)cc1
Cetirizine,O=C(O)COCCN1CCN(C(c2ccccc2)c2ccc(Cl)cc2)CC1
Chenodeoxycholic acid,C[C@H](CCC(=O)O)[C@H]1CC[C@H]2[C@@H]3[C@@H](O)C[C@@H]4C[C@H](O)CC[C@]4(C)[C@H]3CC[C@]12C
Chloramphenicol,O=C(NC(CO)C(O)c1ccc([N+](=O)[O-])cc1)C(Cl)Cl
Chloridazon,Nc1cnn(-c2ccccc2)c(=O)c1Cl
Chlormequat,C[N+](C)(C)CCCl
Chlorothalonil-4-hydroxy,N#Cc1c(O)c(Cl)c(Cl)c(C#N)c1Cl
Chlorotoluron,Cc1ccc(NC(=O)N(C)C)cc1Cl
Cholic acid,C[C@H](CCC(=O)O)[C@H]1CC[C@H]2[C@@H]3[C@H](O)C[C@@H]4C[C@H](O)CC[C@]4(C)[C@H]3C[C@H](O)[C@]12C
Cimetidine,CN=C(NC#N)NCCSCc1nc[nH]c1C
Citalopram,CN(C)CCCC1(c2ccc(F)cc2)OCc2cc(C#N)ccc21
Clarithromycin,CC[C@H]1OC(=O)[C@H](C)[C@@H](O[C@H]2C[C@@](C)(OC)[C@@H](O)[C@H](C)O2)[C@H](C)[C@@H](O[C@@H]2O[C@H](C)C[C@H](N(C)C)[C@H]2O)[C@](C)(OC)C[C@@H](C)C(=O)[C@H](C)[C@@H](O)[C@]1(C)O
Climbazole,CC(C)(C)C(=O)C(Oc1ccc(Cl)cc1)n1ccnc1
Clofibrate,CCOC(=O)C(C)(C)Oc1ccc(Cl)cc1
Clofibric acid,CC(C)(Oc1ccc(Cl)cc1)C(=O)O
Clomazone,CC1(C)CON(Cc2ccccc2Cl)C1=O
Clonidine,Clc1cccc(Cl)c1NC1=NCCN1
Clopidogrel,COC(=O)[C@H](c1ccccc1Cl)N1CCc2sccc2C1
Clothianidin,CN=C(NCc1cnc(Cl)s1)N[N+](=O)[O-]
Clotrimazole,Clc1ccccc1C(c1ccccc1)(c1ccccc1)n1ccnc1
Clozapine,CN1CCN(C2=Nc3cc(Cl)ccc3Nc3ccccc32)CC1
Cocaine,COC(=O)[C@H]1[C@@H](OC(=O)c2ccccc2)C[C@@H]2CC[C@H]1N2C
Cotinine,CN1C(=O)CCC1c1cccnc1
Coumestrol,O=c1oc2cc(O)ccc2c2oc3cc(O)ccc3c12
Cyclamate,O=S(=O)(O)NC1CCCCC1
Cyclohexylamine,NC1CCCCC1
Cyclophosphamide,O=P1(N(CCCl)CCCl)NCCCO1
Cyproconazole,CC(C1CC1)C(O)(Cn1cncn1)c1ccc(Cl)cc1
Cyprodinil,Cc1cc(C2CC2)nc(Nc2ccccc2)n1
Cyromazine,Nc1nc(N)nc(NC2CC2)n1
DEET,CCN(CC)C(=O)c1cccc(C)c1
DEET carboxylic acid,CCN(CC)C(=O)c1cccc(C(=O)O)c1
Daidzein,O=c1c(-c2ccc(O)cc2)coc2cc(O)ccc12
Daminozide,CN(C)NC(=O)CCC(=O)O
Decylsulfate,CCCCCCCCCCOS(=O)(=O)O
Denatonium,CC[N+](CC)(CC(=O)Nc1c(C)cccc1C)Cc1ccccc1
Desethyl-napropamide,CCNC(=O)C(C)Oc1cccc2ccccc12
Desethylatrazine,CC(C)Nc1nc(N)nc(Cl)n1
Desethylterbutylazine,CC(C)(C)Nc1nc(N)nc(Cl)n1
Desisopropylatrazine,CCNc1nc(N)nc(Cl)n1
Desphenyl chloridazon,Nc1cn[nH]c(=O)c1Cl
Di-n-butyl phosphate,CCCCOP(=O)(O)OCCCC
Diacetylethylenediamine,CC(=O)NCCNC(C)=O
Diazepam,CN1C(=O)CN=C(c2ccccc2)c2cc(Cl)ccc21
Diazinon,CCOP(=S)(OCC)Oc1cc(C)nc(C(C)C)n1
Dichlorprop,CC(Oc1ccc(Cl)cc1Cl)C(=O)O
Diclofenac,O=C(O)Cc1ccccc1Nc1c(Cl)cccc1Cl
Dicyclohexyl sulfosuccinate,O=C(CC(C(=O)OC1CCCCC1)S(=O)(=O)O)OC1CCCCC1
Dicyclohexylurea,O=C(NC1CCCCC1)NC1CCCCC1
Diethofencarb,CCOc1ccc(NC(=O)OC(C)C)cc1OCC
Diethyleneglycolmonomethylether,COCCOCCO
Difenoconazole,CC1COC(Cn2cncn2)(c2ccc(Oc3ccc(Cl)cc3)cc2Cl)O1
Dimethachlor CGA369873,Cc1cccc(C)c1NC(=O)CS(=O)(=O)O
Dimethachlor ESA,COCCN(C(=O)CS(=O)(=O)O)c1c(C)cccc1C
Dimethachlor OA_peak_b,COCCN(C(=O)C(=O)O)c1c(C)cccc1C
Dimethenamid,COCC(C)N(C(=O)CCl)c1c(C)csc1C
Dimethenamid ESA,COCC(C)N(C(=O)CS(=O)(=O)O)c1c(C)csc1C
Dimethenamid OA,COCC(C)N(C(=O)C(=O)O)c1c(C)csc1C
Dimethoate,CNC(=O)CSP(=S)(OC)OC
Dimethyl-5-sulfoisophthalate,COC(=O)c1cc(C(=O)OC)cc(S(=O)(=O)O)c1
Dimethylaminophenazone,Cc1c(N(C)C)c(=O)n(-c2ccccc2)n1C
Dimoxystrobin,CNC(=O)/C(=N/OC)c1ccccc1COc1cc(C)ccc1C
Dinoseb,CCC(C)c1cc([N+](=O)[O-])cc([N+](=O)[O-])c1O
Diphenhydramine,CN(C)CCOC(c1ccccc1)c1ccccc1
Diphenyl phosphate,O=P(O)(Oc1ccccc1)Oc1ccccc1
Diuron,CN(C)C(=O)Nc1ccc(Cl)c(Cl)c1
Duloxetine,CNCC[C@H](Oc1cccc2ccccc12)c1cccs1
EDDP,CC=C1N(C)C(C)CC1(c1ccccc1)c1ccccc1
Ebastin,CC(C)(C)c1ccc(C(=O)CCCN2CCC(OC(c3ccccc3)c3ccccc3)CC2)cc1
Enalapril,CCOC(=O)[C@H](CCc1ccccc1)N[C@@H](C)C(=O)N1CCC[C@H]1C(=O)O
Enrofloxacin,CCN1CCN(c2cc3c(cc2F)c(=O)c(C(=O)O)cn3C2CC2)CC1
Ephedrine,CN[C@@H](C)[C@H](O)c1ccccc1
Epoxiconazole,Fc1ccc([C@@]2(Cn3cncn3)O[C@H]2c2ccccc2Cl)cc1
Eprosartan,CCCCc1ncc(/C=C(\Cc2cccs2)C(=O)O)n1Cc1ccc(C(=O)O)cc1
Ethofumesate,CCOC1Oc2ccc(OS(C)(=O)=O)cc2C1(C)C
Fenofibrate,CC(C)OC(=O)C(C)(C)Oc1ccc(C(=O)c2ccc(Cl)cc2)cc1
Fenuron,CN(C)C(=O)Nc1ccccc1
Fipronil,N#Cc1nn(-c2c(Cl)cc(C(F)(F)F)cc2Cl)c(N)c1S(=O)C(F)(F)F
Fipronil desulfinyl,N#Cc1nn(-c2c(Cl)cc(C(F)(F)F)cc2Cl)c(N)c1C(F)(F)F
Fipronil sulfide,N#Cc1nn(-c2c(Cl)cc(C(F)(F)F)cc2Cl)c(N)c1SC(F)(F)F
Fipronil sulfone,N#Cc1nn(-c2c(Cl)cc(C(F)(F)F)cc2Cl)c(N)c1S(=O)(=O)C(F)(F)F
Fluconazole,OC(Cn1cncn1)(Cn1cncn1)c1ccc(F)cc1F
Flufenacet,CC(C)N(C(=O)COc1nnc(C(F)(F)F)s1)c1ccc(F)cc1
Flumequine,CC1CCc2cc(F)cc3c(=O)c(C(=O)O)cn1c23
Flumioxazin,C#CCN1C(=O)COc2cc(F)c(N3C(=O)C4=C(CCCC4)C3=O)cc21
Fluoxastrobin,CO/N=C(/C1=NOCCO1)c1ccccc1Oc1ncnc(Oc2ccccc2Cl)c1F
Fluoxetine,CNCCC(Oc1ccc(C(F)(F)F)cc1)c1ccccc1
Flurtamone,CNC1=C(c2cccc(C(F)(F)F)c2)C(=O)C(c2ccccc2)O1
Fluvoxamine,COCCCC/C(=N\OCCN)c1ccc(C(F)(F)F)cc1
Formetanate,CNC(=O)Oc1cccc(N=CN(C)C)c1
Furosemide,NS(=O)(=O)c1cc(C(=O)O)c(NCc2ccco2)cc1Cl
Gabapentin,NCC1(CC(=O)O)CCCCC1
Gabapentin-Lactam,O=C1CC2(CCCCC2)CN1
Genistein,O=c1c(-c2ccc(O)cc2)coc2cc(O)cc(O)c12
Glimepiride,CCC1=C(C)CN(C(=O)NCCc2ccc(S(=O)(=O)NC(=O)N[C@H]3CC[C@H](C)CC3)cc2)C1=O
Guanylurea,N=C(N)NC(N)=O
Harman,Cc1nccc2c1[nH]c1ccccc12
Hexa(methoxymethyl)melamine,COCN(COC)c1nc(N(COC)COC)nc(N(COC)COC)n1
Hexadecylpyridinium,CCCCCCCCCCCCCCCC[n+]1ccccc1
Hexadecyltrimethylammonium,CCCCCCCCCCCCCCCC[N+](C)(C)C
Hexazinone,CN(C)c1nc(=O)n(C2CCCCC2)c(=O)n1C
Hydrochlorothiazide,NS(=O)(=O)c1cc2c(cc1Cl)NCNS2(=O)=O
Icaridin,CCC(C)OC(=O)N1CCCCC1CCO
Ifosfamide,O=P1(NCCCl)OCCCN1CCCl
Imazalil,C=CCOC(Cn1ccnc1)c1ccc(Cl)cc1Cl
Imazapyr,CC(C)C1(C)N=C(c2ncccc2C(=O)O)NC1=O
Imidacloprid,O=[N+]([O-])NC1=NCCN1Cc1ccc(Cl)nc1
Imidacloprid-guanidine,NC1=NCCN1Cc1ccc(Cl)nc1
Imidacloprid-urea,O=C1NCCN1Cc1ccc(Cl)nc1
Indole-3-acrylic acid,O=C(O)C=Cc1c[nH]c2ccccc12
Irgarol,CSc1nc(NC2CC2)nc(NC(C)(C)C)n1
Isophorone diamine,CC1(C)CC(N)CC(C)(CN)C1
Isophthalic acid,O=C(O)c1cccc(C(=O)O)c1
Isoproturon,CC(C)c1ccc(NC(=O)N(C)C)cc1
Isoxaben,CCC(C)(CC)c1cc(NC(=O)c2c(OC)cccc2OC)on1
Ketamine,CNC1(c2ccccc2Cl)CCCCC1=O
Ketoprofen,CC(C(=O)O)c1cccc(C(=O)c2ccccc2)c1
Kresoxim-methyl,CO/N=C(/C(=O)OC)c1ccccc1COc1ccccc1C
Labetalol,CC(CCc1ccccc1)NCC(O)c1ccc(O)c(C(N)=O)c1
Lamotrigine,Nc1nnc(-c2cccc(Cl)c2Cl)c(N)n1
Lauric isopropanolamide,CCCCCCCCCCCC(=O)NCC(C)O
Lauryl diethanolamide,CCCCCCCCCCCC(=O)N(CCO)CCO
Lenacil,O=c1[nH]c2c(c(=O)n1C1CCCCC1)CCC2
Lidocaine,CCN(CC)CC(=O)Nc1c(C)cccc1C
Lincomycin,CCC[C@@H]1C[C@@H](C(=O)N[C@@H]([C@H]2O[C@H](SC)[C@H](O)[C@@H](O)[C@H]2O)[C@@H](C)O)N(C)C1
Loperamide,CN(C)C(=O)C(CCN1CCC(O)(c2ccc(Cl)cc2)CC1)(c1ccccc1)c1ccccc1
Lorazepam,O=C1Nc2ccc(Cl)cc2C(c2ccccc2Cl)=NC1O
Losartan,CCCCc1nc(Cl)c(CO)n1Cc1ccc(-c2ccccc2-c2nnn[nH]2)cc1
Losartan Carboxylic acid,CCCCc1nc(Cl)c(C(=O)O)n1Cc1ccc(-c2ccccc2-c2nnn[nH]2)cc1
MCPA,Cc1cc(Cl)ccc1OCC(=O)O
Mebendazole,COC(=O)Nc1nc2ccc(C(=O)c3ccccc3)cc2[nH]1
Mecoprop,Cc1cc(Cl)ccc1OC(C)C(=O)O
Mefenamic acid,Cc1cccc(Nc2ccccc2C(=O)O)c1C
Melamine,Nc1nc(N)nc(N)n1
Melatonin,COc1ccc2[nH]cc(CCNC(C)=O)c2c1
Melperon,CC1CCN(CCCC(=O)c2ccc(F)cc2)CC1
Memantine,CC12CC3CC(C)(C1)CC(N)(C3)C2
Mepiquat,C[N+]1(C)CCCCC1
Metalaxyl,COCC(=O)N(c1c(C)cccc1C)C(C)C(=O)OC
Metamitron-desamino,Cc1nnc(-c2ccccc2)c(=O)[nH]1
Metazachlor,Cc1cccc(C)c1N(Cn1cccn1)C(=O)CCl
Metazachlor BH479-12,Cc1cccc(C(=O)O)c1N(Cn1cccn1)C(=O)C(=O)O
Metazachlor ESA,Cc1cccc(C)c1N(Cn1cccn1)C(=O)CS(=O)(=O)O
Metazachlor OA,Cc1cccc(C)c1N(Cn1cccn1)C(=O)C(=O)O
Metformin,CN(C)C(=N)N=C(N)N
Methadone,CCC(=O)C(CC(C)N(C)C)(c1ccccc1)c1ccccc1
Methamphetamine,CN[C@H](C)Cc1ccccc1
Methenamine,C1N2CN3CN1CN(C2)C3
Methimazol,Cn1cc[nH]c1=S
Methiocarb sulfone,CNC(=O)Oc1cc(C)c(S(C)(=O)=O)c(C)c1
Methiocarb-sulfoxide phenol,Cc1cc(O)cc(C)c1S(C)=O
Methocarbamol,COc1ccccc1OCC(O)COC(N)=O
Methomyl,CNC(=O)O/N=C(\C)SC
Methyl diethanolamine,CN(CCO)CCO
Methylchloroisothiazolinone,Cn1sc(Cl)cc1=O
Methyldesphenylchloridazon,Cn1ncc(N)c(Cl)c1=O
Metobromuron,CON(C)C(=O)Nc1ccc(Br)cc1
Metolachlor,CCc1cccc(C)c1N(C(=O)CCl)C(C)COC
Metolachlor CGA 357704,CCc1cccc(C)c1N(C(=O)C(=O)O)[C@@H](C)C(=O)O
Metolachlor CGA 368208,CCc1cccc(C)c1NC(=O)CS(=O)(=O)O
Metolachlor ESA,CCc1cccc(C)c1N(C(=O)CS(=O)(=O)O)C(C)COC
Metolachlor OA,CCc1cccc(C)c1N(C(=O)C(=O)O)C(C)COC
Metolachlor-NOA 413173,CCc1cccc(C)c1N(C(=O)CS(=O)(=O)O)[C@@H](C)C(=O)O
Metoprolol,COCCc1ccc(OCC(O)CNC(C)C)cc1
Metoprolol acid,CC(C)NCC(O)COc1ccc(CC(=O)O)cc1
Metribuzin,CSc1nnc(C(C)(C)C)c(=O)n1N
Mirtazapine,CN1CCN2c3ncccc3Cc3ccccc3C2C1
Monensin,CC[C@@]1([C@@H]2O[C@@H]([C@H]3O[C@@](O)(CO)[C@H](C)C[C@@H]3C)C[C@@H]2C)CC[C@H]([C@]2(C)CC[C@]3(C[C@H](O)[C@@H](C)[C@@H]([C@@H](C)[C@@H](OC)[C@H](C)C(=O)O)O3)O2)O1
Myclobutanil,CCCCC(C#N)(Cn1cncn1)c1ccc(Cl)cc1
Mycophenolic acid,COc1c(C)c2c(c(O)c1C/C=C(\C)CCC(=O)O)C(=O)OC2
"N,N-Dimethyldecan-1-amide",CCCCCCCCCC(=O)N(C)C
"N,N-Dimethyldecylamine",CCCCCCCCCCN(C)C
"N,N-Dimethyldodecylamine",CCCCCCCCCCCCN(C)C
"N,N-Dimethyldodecylamine N-oxide",CCCCCCCCCCCC[N+](C)(C)[O-]
N-Acetyl-4-aminoantipyrine,CC(=O)Nc1c(C)n(C)n(-c2ccccc2)c1=O
N-Butylbenzenesulfonamide,CCCCNS(=O)(=O)c1ccccc1
N-Cyclohexyl-2-benzothiazole-amine,c1ccc2sc(NC3CCCCC3)nc2c1
N-Ethyl-3-methylbenzamide,CCNC(=O)c1cccc(C)c1
N-Ethyl-o-toluenesulfonamide,CCNS(=O)(=O)c1ccccc1C
N-Formyl-4-aminoantipyrine,Cc1c(NC=O)c(=O)n(-c2ccccc2)n1C
N-Lauroylethanolamine,CCCCCCCCCCCC(=O)NCCO
N-Methyl-dicyclohexylamine,CN(C1CCCCC1)C1CCCCC1
N-Methyldodecylamine,CCCCCCCCCCCCNC
N-Phenyl-1-naphthylamine,c1ccc(Nc2cccc3ccccc23)cc1
Naproxen,COc1ccc2cc(C(C)C(=O)O)ccc2c1
Nicosulfuron,COc1cc(OC)nc(NC(=O)NS(=O)(=O)c2ncccc2C(=O)N(C)C)n1
Nitrendipin,CCOC(=O)C1=C(C)NC(C)=C(C(=O)OC)C1c1cccc([N+](=O)[O-])c1
Norfloxacin,CCn1cc(C(=O)O)c(=O)c2cc(F)c(N3CCNCC3)cc21
Ofloxacin,CC1COc2c(N3CCN(C)CC3)c(F)cc3c(=O)c(C(=O)O)cn1c23
Omethoate,CNC(=O)CSP(=O)(OC)OC
Oxazepam,O=C1Nc2ccc(Cl)cc2C(c2ccccc2)=NC1O
Oxybutynin,CCN(CC)CC#CCOC(=O)C(O)(c1ccccc1)C1CCCCC1
Oxypurinol,O=c1[nH]c(=O)c2c[nH]nc2[nH]1
Palmitoylethanolamide,CCCCCCCCCCCCCCCC(=O)NCCO
Paraxanthine,Cn1c(=O)[nH]c2ncn(C)c2c1=O
Pencycuron,O=C(Nc1ccccc1)N(Cc1ccc(Cl)cc1)C1CCCC1
Pendimethalin,CCC(CC)Nc1c([N+](=O)[O-])cc(C)c(C)c1[N+](=O)[O-]
Pentoxifylline,CC(=O)CCCCn1c(=O)c2c(ncn2C)n(C)c1=O
Perfluorobutanoic acid,O=C(O)C(F)(F)C(F)(F)C(F)(F)F
Perfluoroheptanoic acid,O=C(O)C(F)(F)C(F)(F)C(F)(F)C(F)(F)C(F)(F)C(F)(F)F
Perfluorohexanoic acid,O=C(O)C(F)(F)C(F)(F)C(F)(F)C(F)(F)C(F)(F)F
Perfluorooctanesulfonic acid,O=S(=O)(O)C(F)(F)C(F)(F)C(F)(F)C(F)(F)C(F)(F)C(F)(F)C(F)(F)C(F)(F)F
Pethoxamid,CCOCCN(C(=O)CCl)C(=C(C)C)c1ccccc1
Phenazone,Cc1cc(=O)n(-c2ccccc2)n1C
Phenylbenzimidazole sulfonic acid,O=S(=O)(O)c1ccc2nc(-c3ccccc3)[nH]c2c1
Phenylethylmalonamide,CCC(C(N)=O)(C(N)=O)c1ccccc1
Phloretin,O=C(CCc1ccc(O)cc1)c1c(O)cc(O)cc1O
Picolinafen,O=C(Nc1ccc(F)cc1)c1cccc(Oc2cccc(C(F)(F)F)c2)n1
Pindolol,CC(C)NCC(O)COc1cccc2[nH]ccc12
Pipamperone,NC(=O)C1(N2CCCCC2)CCN(CCCC(=O)c2ccc(F)cc2)CC1
Piperine,O=C(/C=C/C=C/c1ccc2c(c1)OCO2)N1CCCCC1
Piperonyl butoxide,CCCCOCCOCCOCc1cc2c(cc1CCC)OCO2
Pirimicarb,Cc1nc(N(C)C)nc(OC(=O)N(C)C)c1C
Pravastatin,CC[C@H](C)C(=O)O[C@H]1C[C@H](O)C=C2C=C[C@H](C)[C@H](CC[C@@H](O)C[C@@H](O)CC(=O)O)[C@H]21
Primidone,CCC1(c2ccccc2)C(=O)NCNC1=O
Prochloraz,CCCN(CCOc1c(Cl)cc(Cl)cc1Cl)C(=O)n1ccnc1
Propamocarb,CCCOC(=O)NCCCN(C)C
Propargite,C#CCOS(=O)OC1CCCCC1Oc1ccc(C(C)(C)C)cc1
Propiconazole,CCCC1COC(Cn2cncn2)(c2ccc(Cl)cc2Cl)O1
Propranolol,CC(C)NCC(O)COc1cccc2ccccc12
Propyphenazone,Cc1c(C(C)C)c(=O)n(-c2ccccc2)n1C
Propyzamide,C#CC(C)(C)NC(=O)c1cc(Cl)cc(Cl)c1
Prosulfocarb,CCCN(CCC)C(=O)SCc1ccccc1
Prothioconazole-desthio,OC(Cc1ccccc1Cl)(Cn1cncn1)C1(Cl)CC1
Quinmerac,Cc1cnc2c(C(=O)O)c(Cl)ccc2c1
Quinoline,c1ccc2ncccc2c1
Quinoline N-oxide,[O-][n+]1cccc2ccccc21
Raloxifene,O=C(c1ccc(OCCN2CCCCC2)cc1)c1c(-c2ccc(O)cc2)sc2cc(O)ccc12
Ranitidine,CNC(=C[N+](=O)[O-])NCCSCc1ccc(CN(C)C)o1
Roxithromycin,CC[C@H]1OC(=O)[C@H](C)[C@@H](OC2CC(C)(OC)C(O)C(C)O2)[C@H](C)[C@@H](OC2OC(C)CC(N(C)C)C2O)[C@](C)(O)C[C@@H](C)/C(=N\OCOCCOC)[C@H](C)[C@@H](O)[C@]1(C)O
Saccharin,O=C1NS(=O)(=O)c2ccccc21
Secobarbital,C=CCC1(C(C)CCC)C(=O)NC(=O)NC1=O
Sertraline,CN[C@H]1CC[C@@H](c2ccc(Cl)c(Cl)c2)c2ccccc21
Sidenafil,CCCc1nn(C)c2c(=O)[nH]c(-c3cc(S(=O)(=O)N4CCN(C)CC4)ccc3OCC)nc12
Simazine,CCNc1nc(Cl)nc(NCC)n1
Simetryn,CCNc1nc(NCC)nc(SC)n1
Sotalol,CC(C)NCC(O)c1ccc(NS(C)(=O)=O)cc1
Spinosyn A,CC[C@H]1CCC[C@H](O[C@H]2CC[C@H](N(C)C)[C@@H](C)O2)[C@@H](C)C(=O)C2=C[C@@H]3[C@@H](C=C[C@@H]4C[C@@H](O[C@@H]5O[C@@H](C)[C@H](OC)[C@@H](OC)[C@H]5OC)C[C@@H]34)[C@@H]2CC(=O)O1
Spiroxamine,CCCN(CC)CC1COC2(CCC(C(C)(C)C)CC2)O1
Sucralose,OC[C@H]1O[C@H](O[C@]2(CCl)O[C@H](CCl)[C@@H](O)[C@@H]2O)[C@H](O)[C@@H](O)[C@H]1Cl
Sulfadimethoxine,COc1cc(NS(=O)(=O)c2ccc(N)cc2)nc(OC)n1
Sulfamethazine,Cc1cc(C)nc(NS(=O)(=O)c2ccc(N)cc2)n1
Sulfamethoxazole,Cc1cc(NS(=O)(=O)c2ccc(N)cc2)no1
Sulfapyridine,Nc1ccc(S(=O)(=O)Nc2ccccn2)cc1
Sulfathiazole,Nc1ccc(S(=O)(=O)Nc2nccs2)cc1
TDCPP,O=P(OC(CCl)CCl)(OC(CCl)CCl)OC(CCl)CCl
TMDD,CC(C)CC(C)(O)C#CC(C)(O)CC(C)C
Tacrolimus,C=CC[C@@H]1C=C(C)C[C@H](C)C[C@H](OC)[C@H]2O[C@@](O)(C(=O)C(=O)N3CCCC[C@H]3C(=O)O[C@H](/C(C)=C/[C@@H]3CC[C@@H](O)[C@H](OC)C3)[C@H](C)[C@@H](O)CC1=O)[C@H](C)C[C@@H]2OC
Tebuconazole,CC(C)(C)C(O)(CCc1ccc(Cl)cc1)Cn1cncn1
Telmisartan,CCCc1nc2c(C)cc(-c3nc4ccccc4n3C)cc2n1Cc1ccc(-c2ccccc2C(=O)O)cc1
Temazepam,CN1C(=O)C(O)N=C(c2ccccc2)c2cc(Cl)ccc21
Terbuthylazine,CCNc1nc(Cl)nc(NC(C)(C)C)n1
Terbuthylazine-2-hydroxy,CCNc1nc(NC(C)(C)C)[nH]c(=O)n1
Terbutryn,CCNc1nc(NC(C)(C)C)nc(SC)n1
Tetraacetylethylenediamine,CC(=O)N(CCN(C(C)=O)C(C)=O)C(C)=O
Tetrabutylammonium,CCCC[N+](CCCC)(CCCC)CCCC
Tetracain,CCCCNc1ccc(C(=O)OCCN(C)C)cc1
Tetraethyleneglycol monobutyl ether,CCCCOCCOCCOCCOCCO
Tetraglyme,COCCOCCOCCOCCOC
Tetramethylthiuram monosulfide,CN(C)C(=S)SC(=S)N(C)C
Theobromine,Cn1cnc2c1c(=O)[nH]c(=O)n2C
Thiabendazole,c1ccc2[nH]c(-c3cscn3)nc2c1
Thiacloprid,N#CN=C1SCCN1Cc1ccc(Cl)nc1
Thiacloprid amide,NC(=O)N=C1SCCN1Cc1ccc(Cl)nc1
Thiamethoxam,CN1COCN(Cc2cnc(Cl)s2)/C1=N/[N+](=O)[O-]
Thiophanate-methyl,COC(=O)NC(=S)Nc1ccccc1NC(=S)NC(=O)OC
Torasemide,Cc1cccc(Nc2ccncc2S(=O)(=O)NC(=O)NC(C)C)c1
Tramadol,COc1cccc([C@@]2(O)CCCC[C@@H]2CN(C)C)c1
Tri(butoxyethyl) phosphate,CCCCOCCOP(=O)(OCCOCCCC)OCCOCCCC
Triacetin,CC(=O)OCC(COC(C)=O)OC(C)=O
Tributyl phosphate,CC(C)COP(=O)(OCC(C)C)OCC(C)C
Triclocarban,O=C(Nc1ccc(Cl)cc1)Nc1ccc(Cl)c(Cl)c1
Triclosan,Oc1cc(Cl)ccc1Oc1ccc(Cl)cc1Cl
Tricresylphosphate,Cc1ccc(OP(=O)(Oc2ccc(C)cc2)Oc2ccc(C)cc2)cc1
Triethyl phosphate,CCOP(=O)(OCC)OCC
Triethylcitrate,CCOC(=O)CC(O)(CC(=O)OCC)C(=O)OCC
Trifloxystrobin,CO/N=C(\C(=O)OC)c1ccccc1CO/N=C(\C)c1cccc(C(F)(F)F)c1
Trifloxystrobin CGA 321113,CO/N=C(\C(=O)O)c1ccccc1CO/N=C(\C)c1cccc(C(F)(F)F)c1
Trifluoromethanesulfonic acid,O=S(=O)(O)C(F)(F)F
Triglyme,COCCOCCOCCOC
Trimethoprim,COc1cc(Cc2cnc(N)nc2N)cc(OC)c1OC
Trimethyloctylammonium,CCCCCCCC[N+](C)(C)C
Triphenyl phosphate,O=P(Oc1ccccc1)(Oc1ccccc1)Oc1ccccc1
Triphenylphosphine oxide,O=P(c1ccccc1)(c1ccccc1)c1ccccc1
Tripropyl phosphate,CCCOP(=O)(OCCC)OCCC
Tripropylamine,CCCN(CCC)CCC
Tris(1-chloro-2-propyl) phosphate,CC(CCl)OP(=O)(OC(C)CCl)OC(C)CCl
Tris(2-chloroethyl) phosphate,O=P(OCCCl)(OCCCl)OCCCl
Tris(2-ethylhexyl) phosphate,CCCCC(CC)COP(=O)(OCC(CC)CCCC)OCC(CC)CCCC
Uvinul A Plus,CCCCCCOC(=O)c1ccccc1C(=O)c1ccc(N(CC)CC)cc1O
Valsartan,CCCCC(=O)N(Cc1ccc(-c2ccccc2-c2nn[nH]n2)cc1)[C@H](C(=O)O)C(C)C
Vancomycin,CNC(CC(C)C)C(=O)NC1C(=O)NC(CC(N)=O)C(=O)NC2C(=O)NC3C(=O)NC(C(=O)NC(C(=O)O)c4cc(O)cc(O)c4-c4cc3ccc4O)C(O)c3ccc(c(Cl)c3)Oc3cc2cc(c3OC2OC(CO)C(O)C(O)C2OC2CC(C)(N)C(O)C(C)O2)Oc2ccc(cc2Cl)C1O
Vardenafil,CCCc1nc(C)c2c(=O)[nH]c(-c3cc(S(=O)(=O)N4CCN(CC)CC4)ccc3OCC)nn12
Verapamil,COc1ccc(CCN(C)CCCC(C#N)(c2ccc(OC)c(OC)c2)C(C)C)cc1OC
Warfarin,CC(=O)CC(c1ccccc1)c1c(O)c2ccccc2oc1=O
epsilon-Caprolactam,O=C1CCCCCN1
m-Xylene-4-sulfonic acid,Cc1ccc(S(=O)(=O)O)c(C)c1
o-Toluidine,Cc1ccccc1N
p-Toluenesulfonamide,Cc1ccc(S(N)(=O)=O)cc1
p-Tolylsulfate,Cc1ccc(OS(=O)(=O)O)cc1
